Workbook

Sheet Dashboard
B2: Legal Dashboard (LD) – Monthly Report
B4: Source file: query_LD Monthly_report_Mar 26 ver.2.xlsx | Template structure reference: TLS8001_Legal_Compliance_Dashboard_March Ver2.0_13032026.xlsx
B6: Total Legal Requirements | E6: Active Laws | H6: Implemented | K6: Active Pending
B7: =Summary_KPI!B3 -> 74 | E7: =Summary_KPI!B4 -> 71 | H7: =Summary_KPI!B5 -> 69 | K7: =Summary_KPI!B11 -> 3
B9: Implemented % | E9: Top Exposure Category | I9: Data Quality Watch Blank Date = 1 | Future Date = 3 | Missing Ref. No. = 51
B10: =Summary_KPI!B12 -> 0.93243243 | E10: =Summary_KPI!B13 -> กฎหมายคุ้มครองแรงงาน
B12: Executive Highlights • Total 74 รายการ | Active 71 (95.9%) | Inactive 3 • Implemented 69 (93.2%) | Evaluated 4 | Under Review 1 • Active Pending 3 รายการ ต้องเร่งติดตามเชิงปฏิบัติการ • Top exposure = กฎหมายคุ้มครองแรงงาน (28 รายการ) • Future monitoring 3 รายการ | Blank Date 1 รายการ • รอบนี้ยังไม่มีฐานเปรียบเทียบเดือนก่อนหน้าในไฟล์ต้นทาง | H12: Data Notes / Recommendations • ใช้ Compliance Implementation Status และ Legal Validity Status เป็น KPI หลัก • รายการ Active แต่ยังไม่ Implemented ให้จัดเป็น priority follow-up • แยก Inactive ออกจาก active action plan และจัด archive logic ให้ชัดเจน • เพิ่ม field Owner / Due Date / Evidence Log เพื่อยกระดับ dashboard รายเดือน • รายการ future date ควรแยกเป็น upcoming legal monitoring
B21: Top Action Backlog / Priority Review | G21: คำอธิบายรายงาน: เดือนมีนาคม 2569 รายงานฉบับนี้จัดทำในรูปแบบ Professional Legal Dashboard – Modern Executive โดยใช้โครงสร้าง dashboard จากไฟล์ตัวอย่างและอัปเดตข้อมูลจริงจาก Legal Compliance Management System เพื่อใช้ติดตามจำนวนข้อกำหนดทั้งหมด สถานะการดำเนินการ ความพร้อมเชิง compliance หมวดกฎหมายที่มี exposure สูง ประเด็น backlog และ data quality observation สำหรับการทบทวนรายเดือนของผู้บริหารและผู้เกี่ยวข้อง ทั้งนี้รอบปัจจุบันยังไม่มีข้อมูล month-on-month baseline จึงสรุปในลักษณะ current month snapshot
B22: Law / Requirement | C22: Category | D22: Status | E22: Validity
B23: =Action_Backlog!B3 -> พระราชกฤษฎีกา กำหนดระยะเวลาเริ่มดำเนินการจัดเก็บเงินสะสมและเงินสมทบกองทุนสงเคราะห์ลูกจ้าง พ.ศ. 2567 | C23: =Action_Backlog!C3 -> กฎหมายคุ้มครองแรงงาน | D23: =Action_Backlog!D3 -> Evaluated | E23: =Action_Backlog!E3 -> Active
B24: =Action_Backlog!B4 -> กฎกระทรวง กำหนดค่าล่วงเวลาและค่าตอบแทนการทำงานที่เกินวันละแปดชั่วโมง ในงานเฝ้าดูแลสถานที่หรือทรัพย์สินอันเป็นหน้าที่การทำงานปกติของลูกจ้าง พ.ศ. 2568 | C24: =Action_Backlog!C4 -> กฎหมายคุ้มครองแรงงาน | D24: =Action_Backlog!D4 -> Evaluated | E24: =Action_Backlog!E4 -> Active
B25: =Action_Backlog!B5 -> กฎกระทรวง กำหนดประเภทของสถานประกอบกิจการและการดำเนินการของสถานประกอบกิจการในการป้องกันและแก้ไขปัญหาการตั้งครรภ์ในวัยรุ่นแก่ลูกจ้างซึ่งเป็นวัยรุ่น พ.ศ. 2561 | C25: =Action_Backlog!C5 -> กฎหมาย อื่น ๆ | D25: =Action_Backlog!D5 -> Evaluated | E25: =Action_Backlog!E5 -> Active
B26: =Action_Backlog!B6 -> กฎกระทรวง กำหนดหลักเกณฑ์และวิธีการจัดการสงเคราะห์แก่ลูกจ้าง ในกรณีที่ลูกจ้างออกจากงานหรือตาย พ.ศ. 2567 | C26: =Action_Backlog!C6 -> กฎหมายคุ้มครองแรงงาน | D26: =Action_Backlog!D6 -> Implemented | E26: =Action_Backlog!E6 -> Inactive
B27: =Action_Backlog!B7 -> กฎกระทรวง กำหนดอัตราเงินสะสมและเงินสมทบกองทุนสงเคราะห์ลูกจ้าง พ.ศ. 2567 | C27: =Action_Backlog!C7 -> กฎหมายคุ้มครองแรงงาน | D27: =Action_Backlog!D7 -> Evaluated | E27: =Action_Backlog!E7 -> Inactive

Sheet กฎหมายใหม่ล่าสุด
A1: กฎหมายใหม่ล่าสุด
A2: เกณฑ์การคัดเลือก: เลือกเฉพาะรายการที่มีวันที่ล่าสุดที่สุดในข้อมูล = 01/12/2026
A3: จำนวนรายการ | B3: =COUNTA($B$6:$B$1048576) -> 1 | C3: คัดจากคอลัมน์ Date of Issue / Effective Date
A5: Subject | B5: No | C5: Category | D5: Document ID / Reference No. | E5: Legal / Regulatory Title | F5: Date of Issue / Effective Date | G5: Legal Reference Link | H5: Key Legal & Regulatory Requirements | I5: Compliance Implementation Status | J5: (Y) Compliant / (N) Non-Compliant | K5: Implementation Guidance & Evidence Examples | L5: Legal Validity Status | M5: Approval status
A6: ประกาศคณะกรรมการการแพทย์ตามพระราชบัญญัติประกันสังคม | B6: 57 | C6: กฎหมายประกันสังคม | D6: 102381 | E6: ประกาศคณะกรรมการการแพทย์ตามพระราชบัญญัติประกันสังคม เรื่อง หลักเกณฑ์และอัตราค่าบริการทางการแพทย์เพื่อเพิ่มประสิทธิภาพการเข้าถึงการรักษาของผู้ประกันตนในระบบประกันสังคม | F6: 46357 | G6: https://ratchakitcha.soc.go.th/documents/102381.pdf | H6: ประกาศฉบับนี้เป็นกฎหมายที่กำหนด หลักเกณฑ์และอัตราค่าบริการทางการแพทย์เพิ่มเติมเป็นการเฉพาะ เพื่อสนับสนุนการรักษาผู้ประกันตนใน 2 กลุ่มโรคสำคัญ คือ 1) โรคหลอดเลือดสมองอุดตัน โดยเฉพาะหัตถการ Thrombectomy 2) โรคหัวใจและหลอดเลือด โดยเฉพาะการสวนหัวใจ การขยายหลอดเลือดหัวใจ และหัตถการหัวใจเฉพาะทางอื่น ๆ | I6: Implemented | J6: จริง | K6: 1) ทบทวน ทะเบียนกฎหมายและข้อกำหนดที่เกี่ยวข้อง ให้ครอบคลุมประกาศนี้ โดยเฉพาะในส่วนสิทธิประโยชน์ด้านการรักษาพยาบาลของผู้ประกันตน 2) สื่อสารให้ HR, welfare, พยาบาลวิชาชีพ, เจ้าหน้าที่ประกันสังคม และลูกจ้างทราบว่า ผู้ประกันตนสามารถเข้าถึงการรักษาภาวะฉุกเฉินบางประเภทได้ภายใต้หลักเกณฑ์ใหม่ของประกันสังคม 3) ใช้เป็นข้อมูลสนับสนุนด้าน employee well-being และ labour welfare โดยเฉพาะในองค์กรที่มีลูกจ้างกลุ่มเสี่ยงโรคหัวใจ โรคหลอดเลือดสมอง หรือโรคไม่ติดต่อเรื้อรังจำนวนมาก 4) บูรณาการเข้ากับระบบ มรท.8001 ในด้าน การอบรม/การสื่อสารสิทธิ, การจัดการสวัสดิการ, และ การดูแลแรงงานหลังเจ็บป่วยหรือกลับเข้าทำงาน เพื่อช่วยให้แรงงานเข้าถึงสิทธิได้รวดเร็วขึ้น 5) ในการตรวจติดตามภายใน องค์กรอาจตรวจว่ามีการสื่อสารสิทธิประโยชน์ประกันสังคมที่สำคัญแก่ลูกจ้างอย่างทั่วถึงหรือไม่ โดยเฉพาะกรณีโรครุนแรงที่ต้องรักษาเร่งด่วน | L6: Active | M6: 3

Sheet กฎหมายประจำเดือน
A1: กฎหมายประจำเดือน
A2: เกณฑ์การคัดเลือก: เลือกเฉพาะรายการในเดือนล่าสุดที่สุดของข้อมูล = 12/2026
A3: จำนวนรายการ | B3: =COUNTA($B$6:$B$1048576) -> 1 | C3: คัดจากคอลัมน์ Date of Issue / Effective Date
A5: Subject | B5: No | C5: Category | D5: Document ID / Reference No. | E5: Legal / Regulatory Title | F5: Date of Issue / Effective Date | G5: Legal Reference Link | H5: Key Legal & Regulatory Requirements | I5: Compliance Implementation Status | J5: (Y) Compliant / (N) Non-Compliant | K5: Implementation Guidance & Evidence Examples | L5: Legal Validity Status | M5: Approval status
A6: ประกาศคณะกรรมการการแพทย์ตามพระราชบัญญัติประกันสังคม | B6: 57 | C6: กฎหมายประกันสังคม | D6: 102381 | E6: ประกาศคณะกรรมการการแพทย์ตามพระราชบัญญัติประกันสังคม เรื่อง หลักเกณฑ์และอัตราค่าบริการทางการแพทย์เพื่อเพิ่มประสิทธิภาพการเข้าถึงการรักษาของผู้ประกันตนในระบบประกันสังคม | F6: 46357 | G6: https://ratchakitcha.soc.go.th/documents/102381.pdf | H6: ประกาศฉบับนี้เป็นกฎหมายที่กำหนด หลักเกณฑ์และอัตราค่าบริการทางการแพทย์เพิ่มเติมเป็นการเฉพาะ เพื่อสนับสนุนการรักษาผู้ประกันตนใน 2 กลุ่มโรคสำคัญ คือ 1) โรคหลอดเลือดสมองอุดตัน โดยเฉพาะหัตถการ Thrombectomy 2) โรคหัวใจและหลอดเลือด โดยเฉพาะการสวนหัวใจ การขยายหลอดเลือดหัวใจ และหัตถการหัวใจเฉพาะทางอื่น ๆ | I6: Implemented | J6: จริง | K6: 1) ทบทวน ทะเบียนกฎหมายและข้อกำหนดที่เกี่ยวข้อง ให้ครอบคลุมประกาศนี้ โดยเฉพาะในส่วนสิทธิประโยชน์ด้านการรักษาพยาบาลของผู้ประกันตน 2) สื่อสารให้ HR, welfare, พยาบาลวิชาชีพ, เจ้าหน้าที่ประกันสังคม และลูกจ้างทราบว่า ผู้ประกันตนสามารถเข้าถึงการรักษาภาวะฉุกเฉินบางประเภทได้ภายใต้หลักเกณฑ์ใหม่ของประกันสังคม 3) ใช้เป็นข้อมูลสนับสนุนด้าน employee well-being และ labour welfare โดยเฉพาะในองค์กรที่มีลูกจ้างกลุ่มเสี่ยงโรคหัวใจ โรคหลอดเลือดสมอง หรือโรคไม่ติดต่อเรื้อรังจำนวนมาก 4) บูรณาการเข้ากับระบบ มรท.8001 ในด้าน การอบรม/การสื่อสารสิทธิ, การจัดการสวัสดิการ, และ การดูแลแรงงานหลังเจ็บป่วยหรือกลับเข้าทำงาน เพื่อช่วยให้แรงงานเข้าถึงสิทธิได้รวดเร็วขึ้น 5) ในการตรวจติดตามภายใน องค์กรอาจตรวจว่ามีการสื่อสารสิทธิประโยชน์ประกันสังคมที่สำคัญแก่ลูกจ้างอย่างทั่วถึงหรือไม่ โดยเฉพาะกรณีโรครุนแรงที่ต้องรักษาเร่งด่วน | L6: Active | M6: 3

Sheet กฎหมายในปีล่าสุด
A1: กฎหมายในปีล่าสุด
A2: เกณฑ์การคัดเลือก: เลือกเฉพาะรายการในปีล่าสุดที่สุดของข้อมูล = 2026
A3: จำนวนรายการ | B3: =COUNTA($B$6:$B$1048576) -> 6 | C3: คัดจากคอลัมน์ Date of Issue / Effective Date
A5: Subject | B5: No | C5: Category | D5: Document ID / Reference No. | E5: Legal / Regulatory Title | F5: Date of Issue / Effective Date | G5: Legal Reference Link | H5: Key Legal & Regulatory Requirements | I5: Compliance Implementation Status | J5: (Y) Compliant / (N) Non-Compliant | K5: Implementation Guidance & Evidence Examples | L5: Legal Validity Status | M5: Approval status
A6: ประกาศคณะกรรมการการแพทย์ตามพระราชบัญญัติประกันสังคม | B6: 57 | C6: กฎหมายประกันสังคม | D6: 102381 | E6: ประกาศคณะกรรมการการแพทย์ตามพระราชบัญญัติประกันสังคม เรื่อง หลักเกณฑ์และอัตราค่าบริการทางการแพทย์เพื่อเพิ่มประสิทธิภาพการเข้าถึงการรักษาของผู้ประกันตนในระบบประกันสังคม | F6: 46357 | G6: https://ratchakitcha.soc.go.th/documents/102381.pdf | H6: ประกาศฉบับนี้เป็นกฎหมายที่กำหนด หลักเกณฑ์และอัตราค่าบริการทางการแพทย์เพิ่มเติมเป็นการเฉพาะ เพื่อสนับสนุนการรักษาผู้ประกันตนใน 2 กลุ่มโรคสำคัญ คือ 1) โรคหลอดเลือดสมองอุดตัน โดยเฉพาะหัตถการ Thrombectomy 2) โรคหัวใจและหลอดเลือด โดยเฉพาะการสวนหัวใจ การขยายหลอดเลือดหัวใจ และหัตถการหัวใจเฉพาะทางอื่น ๆ | I6: Implemented | J6: จริง | K6: 1) ทบทวน ทะเบียนกฎหมายและข้อกำหนดที่เกี่ยวข้อง ให้ครอบคลุมประกาศนี้ โดยเฉพาะในส่วนสิทธิประโยชน์ด้านการรักษาพยาบาลของผู้ประกันตน 2) สื่อสารให้ HR, welfare, พยาบาลวิชาชีพ, เจ้าหน้าที่ประกันสังคม และลูกจ้างทราบว่า ผู้ประกันตนสามารถเข้าถึงการรักษาภาวะฉุกเฉินบางประเภทได้ภายใต้หลักเกณฑ์ใหม่ของประกันสังคม 3) ใช้เป็นข้อมูลสนับสนุนด้าน employee well-being และ labour welfare โดยเฉพาะในองค์กรที่มีลูกจ้างกลุ่มเสี่ยงโรคหัวใจ โรคหลอดเลือดสมอง หรือโรคไม่ติดต่อเรื้อรังจำนวนมาก 4) บูรณาการเข้ากับระบบ มรท.8001 ในด้าน การอบรม/การสื่อสารสิทธิ, การจัดการสวัสดิการ, และ การดูแลแรงงานหลังเจ็บป่วยหรือกลับเข้าทำงาน เพื่อช่วยให้แรงงานเข้าถึงสิทธิได้รวดเร็วขึ้น 5) ในการตรวจติดตามภายใน องค์กรอาจตรวจว่ามีการสื่อสารสิทธิประโยชน์ประกันสังคมที่สำคัญแก่ลูกจ้างอย่างทั่วถึงหรือไม่ โดยเฉพาะกรณีโรครุนแรงที่ต้องรักษาเร่งด่วน | L6: Active | M6: 3
A7: ประกาศกระทรวงแรงงาน | B7: 53 | C7: กฎหมายจัดหางาน | D7: 99072 | E7: ประกาศกระทรวงแรงงาน เรื่อง การอนุญาตให้คนต่างด้าวทำงานในราชอาณาจักรเป็นการเฉพาะ สำหรับคนต่างด้าวสัญชาติลาวและเวียดนาม ซึ่งได้รับอนุญาตให้ทำงานถึงวันที่ 13 กุมภาพันธ์ 2569 ตามมติคณะรัฐมนตรีเมื่อวันที่ 2 ธันวาคม 2568 | F7: 46266 | G7: https://ratchakitcha.soc.go.th/documents/99072.pdf | H7: ะกาศฉบับนี้เป็นมาตรการเฉพาะสำหรับ คนต่างด้าวสัญชาติลาวและเวียดนาม ที่ได้รับอนุญาตให้ทำงานอยู่แล้วและสิทธิเดิมสิ้นสุดวันที่ 13 กุมภาพันธ์ 2569 โดยเปิดทางให้ดำเนินการต่ออายุการทำงานในราชอาณาจักรต่อไปภายใต้เงื่อนไขที่กำหนด และให้นายทะเบียนพิจารณาอนุญาตทำงานได้ถึงวันที่ 13 กุมภาพันธ์ 2570 หากเอกสารถูกต้องครบถ้วน | I7: Implemented | J7: จริง | K7: 1) ทบทวน ทะเบียนกฎหมายและข้อกำหนด ให้ครอบคลุมประกาศฉบับนี้ รวมถึงกฎหมายคนเข้าเมือง การบริหารจัดการการทำงานของคนต่างด้าว และข้อกำหนดเรื่องประกันสุขภาพ/ประกันสังคมที่เกี่ยวข้อง 2) จัดทำ บัญชีรายชื่อแรงงานต่างด้าวที่เข้าเงื่อนไข และติดตามวันครบกำหนดของการตรวจสุขภาพ ประกันสุขภาพ การยื่นคำขอ และเอกสารที่ใช้แทนใบอนุญาตทำงานอย่างใกล้ชิด 3) ควบคุม เอกสารสำคัญ เช่น ใบรับคำขอ ใบเสร็จรับเงิน ใบอนุญาตทำงาน หลักฐานการตรวจสุขภาพ หลักฐานประกันสุขภาพ/ประกันสังคม และเอกสารเปลี่ยนนายจ้าง ให้พร้อมต่อการตรวจติดตาม 4) ทบทวนขั้นตอน onboarding, renewal, transfer, labour document control และมอบหมายผู้รับผิดชอบระหว่าง HR, นายจ้าง, ตัวแทน, และผู้รับเหมา ให้ชัดเจน 5) บรรจุประเด็นนี้ไว้ใน internal audit / legal compliance review ของ มรท.8001 โดยตรวจว่ามีแรงงานทำงานก่อนโดยมีเอกสารรองรับถูกต้องหรือไม่ มีการทำประกันครบหรือไม่ และมีแรงงานใดเสี่ยงหลุดสถานะหรือไม่ 6) ใช้ในการอบรมผู้เกี่ยวข้องเพื่อป้องกันความเสี่ยงเรื่อง แรงงานต่างด้าวทำงานโดยเอกสารไม่ครบ, ประกันไม่ถูกต้อง, หรือ เปลี่ยนนายจ้างไม่เป็นไปตามเงื่อนไข ซึ่งอาจกระทบทั้งด้านกฎหมายและการรับรองระบบแรงงาน | L7: Active | M7: 3
A8: ประกาศกระทรวงแรงงาน | B8: 54 | C8: กฎหมายจัดหางาน | D8: 99070 | E8: ประกาศกระทรวงแรงงาน เรื่อง การอนุญาตให้คนต่างด้าวทำงานในราชอาณาจักรเป็นการเฉพาะ สำหรับคนต่างด้าวสัญชาติลาว เมียนมา และเวียดนาม ซึ่งได้รับอนุญาตให้ทำงานถึงวันที่ 31 มีนาคม 2569 ตามมติคณะรัฐมนตรีเมื่อวันที่ 2 ธันวาคม 2568 | F8: 46266 | G8: https://ratchakitcha.soc.go.th/documents/99070.pdf | H8: ประกาศฉบับนี้เป็นมาตรการเฉพาะสำหรับคนต่างด้าว สัญชาติลาว เมียนมา และเวียดนาม ที่ได้รับอนุญาตให้ทำงานอยู่แล้วและสิทธิเดิมสิ้นสุดวันที่ 31 มีนาคม 2569 โดยเปิดทางให้ดำเนินการต่ออายุการทำงานต่อไปภายใต้เงื่อนไขที่กำหนด และเมื่อนายทะเบียนตรวจสอบครบถ้วนแล้ว สามารถอนุญาตทำงานได้ถึงวันที่ 31 มีนาคม 2570 | I8: Implemented | J8: จริง | K8: 1) ทบทวน ทะเบียนกฎหมายและข้อกำหนดที่เกี่ยวข้อง ให้ครอบคลุมประกาศฉบับนี้ รวมถึงกฎหมายคนเข้าเมือง กฎหมายบริหารจัดการการทำงานของคนต่างด้าว และข้อกำหนดเรื่องประกันสุขภาพ/ประกันสังคมที่เกี่ยวข้อง 2) จัดทำ บัญชีรายชื่อแรงงานต่างด้าวที่เข้าเงื่อนไข และติดตามวันครบกำหนดของการตรวจสุขภาพ ประกันสุขภาพ การยื่นคำขอ และเอกสารแทนใบอนุญาตทำงาน 3) ควบคุม เอกสารสำคัญ เช่น ใบรับคำขอ ใบเสร็จรับเงิน ใบอนุญาตทำงาน หลักฐานการตรวจสุขภาพ หลักฐานประกันสุขภาพ/ประกันสังคม และเอกสารเปลี่ยนนายจ้าง ให้พร้อมต่อการตรวจติดตาม 4) ทบทวนขั้นตอน onboarding, renewal, transfer, labour document control ให้ชัดเจนระหว่าง HR, หน่วยงานสนับสนุน, นายจ้าง และผู้รับเหมา 5)บรรจุประเด็นนี้ไว้ใน internal audit / legal compliance review ของ มรท.8001 โดยเฉพาะการตรวจแรงงานต่างด้าวว่าทำงานโดยมีเอกสารรองรับถูกต้องหรือไม่ มีประกันครบหรือไม่ และมีรายใดเสี่ยงหลุดสถานะหรือไม่ | L8: Active | M8: 3
A9: ประกาศคณะกรรมการการแพทย์ตามพระราชบัญญัติประกันสังคม | B9: 56 | C9: กฎหมายประกันสังคม | D9: 102373 | E9: ประกาศคณะกรรมการการแพทย์ตามพระราชบัญญัติประกันสังคม เรื่อง หลักเกณฑ์และอัตราสำหรับประโยชน์ทดแทนในกรณีประสบอันตรายหรือเจ็บป่วยอันมิใช่เนื่องจากการทำงาน | F9: 46083 | G9: https://ratchakitcha.soc.go.th/documents/102373.pdf | H9: ประกาศฉบับนี้เป็น กฎหมายแก้ไขเพิ่มเติม จากประกาศคณะกรรมการการแพทย์ตามพระราชบัญญัติประกันสังคม เรื่องเดียวกัน ลงวันที่ 25 ธันวาคม 2564 และที่แก้ไขเพิ่มเติมภายหลัง โดยในฉบับนี้มีสาระสำคัญ 2 ส่วนหลัก คือ แก้ไขข้อความข้อ 5/1 เดิม และ เพิ่มข้อ 9 ว่าด้วยการผ่าตัดรักษาโรคอ้วนรุนแรง/โรคร่วมจากภาวะอ้วน | I9: Implemented | J9: จริง | K9: 1) ทบทวน ทะเบียนกฎหมายและข้อกำหนดที่เกี่ยวข้อง ให้ครอบคลุมประกาศฉบับนี้ โดยเฉพาะในส่วนสิทธิประโยชน์ด้านการแพทย์ของผู้ประกันตน 2) ประสาน HR, หน่วยงานสวัสดิการ, แพทย์/พยาบาลประจำสถานประกอบกิจการ หรือผู้ดูแล employee well-being เพื่อ สื่อสารสิทธิการรักษา แก่ลูกจ้างที่อาจเข้าเกณฑ์ 3) ใช้เป็นข้อมูลสนับสนุน โครงการส่งเสริมสุขภาพแรงงาน เช่น การควบคุมน้ำหนัก การป้องกันโรคไม่ติดต่อเรื้อรัง และการดูแลแรงงานที่มีความเสี่ยงด้านสุขภาพ 4) ในการตรวจติดตามภายใน มรท.8001 องค์กรอาจตรวจว่าได้มีการ สื่อสารสิทธิประกันสังคมและสิทธิด้านสุขภาพ ให้ลูกจ้างอย่างเหมาะสมหรือไม่ 5) หากองค์กรมีแรงงานที่มีภาวะอ้วนรุนแรงหรือโรคร่วมจำนวนมาก ประกาศนี้อาจช่วยลดผลกระทบด้านสุขภาพ การขาดงาน และเพิ่มโอกาสกลับสู่การทำงานอย่างมีประสิทธิภาพได้ | L9: Active | M9: 3
A10: ประกาศคณะกรรมการส่งเสริมการพัฒนาฝีมือแรงงาน | B10: 52 | C10: กฎหมายพัฒนาฝีมือแรงงาน | D10: 101869 | E10: ประกาศคณะกรรมการส่งเสริมการพัฒนาฝีมือแรงงาน เรื่อง หลักเกณฑ์การใช้จ่ายเงินเพื่อช่วยเหลือหรืออุดหนุนจากกองทุนพัฒนาฝีมือแรงงาน (ฉบับที่ ๒) | F10: 1/21/2026 | G10: https://ratchakitcha.soc.go.th/documents/101869.pdf | H10: เหตุผลหลักของการออกประกาศฉบับนี้ คือเพื่อแก้ไขเพิ่มเติมหลักเกณฑ์เดิมให้ครอบคลุมกรณีที่ผู้ประกอบกิจการจัดให้มีการฝึกอบรมฝีมือแรงงานแก่ลูกจ้างของตนในหลักสูตรเฉพาะที่เกี่ยวข้องกับ นวัตกรรมหรือปัญญาประดิษฐ์ /AI เพื่อรองรับการพัฒนาเทคโนโลยี และเพื่อให้หลักเกณฑ์การใช้จ่ายเงินจากกองทุนพัฒนาฝีมือแรงงานมีความเหมาะสมยิ่งขึ้น | I10: Implemented | J10: จริง | K10: 1) บันทึกกฎหมายฉบับนี้ไว้ใน ทะเบียนกฎหมายและข้อกำหนดที่เกี่ยวข้อง หากองค์กรมีการใช้สิทธิจากกองทุนพัฒนาฝีมือแรงงาน 2) จัดทำหรือทบทวน ขั้นตอนการวางแผนอบรม การขออนุมัติหลักสูตร การเก็บหลักฐานการฝึกอบรม และการยื่นคำขอรับเงินอุดหนุน ให้สอดคล้องกับประกาศฉบับนี้ 3) ใช้เป็นฐานสนับสนุนการพัฒนาทักษะแรงงานในหลักสูตรที่เกี่ยวข้องกับ นวัตกรรม/AI ซึ่งช่วยยกระดับความสามารถของแรงงานและความพร้อมขององค์กรในระยะยาว 4) ในการตรวจติดตามภายใน ควรตรวจดูว่าองค์กรมี หลักฐานการอบรม, การเห็นชอบหลักสูตร, การคำนวณสิทธิ, และการยื่นคำขอภายในกำหนดเวลา ครบถ้วนหรือไม่ 5) ในเชิงระบบ เอกสารนี้มีผลต่อ การควบคุมเอกสาร, การติดตามความสอดคล้องตามกฎหมาย, การอบรม และการจัดการบันทึกหลักฐาน มากกว่าการกำหนดสิทธิขั้นพื้นฐานของลูกจ้างโดยตรง | L10: Active | M10: 3
A11: ประกาศคณะกรรมการการแพทย์ตามพระราชบัญญัติประกันสังคม | B11: 55 | C11: กฎหมายประกันสังคม | D11: 101606 | E11: ประกาศคณะกรรมการการแพทย์ตามพระราชบัญญัติประกันสังคม เรื่อง หลักเกณฑ์และอัตราค่าส่งเสริมสุขภาพและป้องกันโรคสำหรับประโยชน์ทดแทนในกรณีประสบอันตรายหรือเจ็บป่วยอันมิใช่เนื่องจากการทำงาน พ.ศ. ๒๕๖๘ | F11: 1/15/2026 | G11: https://ratchakitcha.soc.go.th/documents/101606.pdf | H11: ประกาศฉบับนี้เป็น กฎหมายแก้ไขเพิ่มเติม โดยแก้ไขข้อความใน ข้อ ๒/๒ ของประกาศคณะกรรมการการแพทย์ตามพระราชบัญญัติประกันสังคม เรื่อง หลักเกณฑ์และอัตราค่าส่งเสริมสุขภาพและป้องกันโรคสำหรับประโยชน์ทดแทนในกรณีประสบอันตรายหรือเจ็บป่วยอันมิใช่เนื่องจากการทำงาน ลงวันที่ ๑๖ ธันวาคม ๒๕๕๙ ซึ่งต่อมาได้มีการแก้ไขเพิ่มเติมอีกครั้งโดยประกาศ พ.ศ. ๒๕๖๓ ลงวันที่ ๙ ธันวาคม ๒๕๖๓ แล้วให้ใช้ข้อความใหม่แทน | I11: Implemented | J11: จริง | K11: 1) ทบทวน ทะเบียนกฎหมายและข้อกำหนดที่เกี่ยวข้อง ให้ครอบคลุมประกาศฉบับนี้ หากองค์กรมีลูกจ้างที่เป็นผู้ประกันตนอายุ ๕๐ ปีขึ้นไป 2) ใช้เป็นข้อมูลในการจัดทำหรือสื่อสาร แผนสวัสดิการและส่งเสริมสุขภาพแรงงาน ร่วมกับ HR, Admin, Safety หรือพยาบาลวิชาชีพประจำสถานประกอบกิจการ 3) ประชาสัมพันธ์สิทธิให้ลูกจ้างกลุ่มเป้าหมายทราบอย่างทั่วถึง เช่น ช่วงเวลาใช้สิทธิ สถานพยาบาลที่กำหนด และเงื่อนไขการรับบริการ 4) ใช้เป็นหลักฐานสนับสนุนด้าน labour welfare / employee well-being ในระบบ มรท.8001 และในการตรวจติดตามภายใน องค์กรอาจตรวจว่ามีการสื่อสารสิทธิประโยชน์ด้านสุขภาพแก่ลูกจ้างอย่างเหมาะสมหรือไม่ 5) หากองค์กรมีโครงการสร้างเสริมสุขภาพพนักงานอยู่แล้ว สามารถบูรณาการข้อมูลนี้เข้ากับกิจกรรมด้านสุขภาพประจำปี เพื่อยกระดับคุณภาพชีวิตแรงงานและลดความเสี่ยงด้านสุขภาพจากโรคตามฤดูกาล | L11: Active | M11: 3

Sheet Data_Helper
A1: Source_Row | B1: No | C1: Legal_Title | D1: Category | E1: Issue_Date | F1: Year | G1: Year_Month | H1: Status_Raw | I1: Status_Norm | J1: Validity_Raw | K1: Validity_Norm | L1: Compliant | M1: Evidence | N1: Is_Implemented | O1: Is_Identified | P1: Is_Evaluated | Q1: Is_Active | R1: Is_Inactive | S1: Is_Blank_Validity | T1: Is_Active_Pending | U1: Has_Blank_Date | V1: Has_Blank_Evidence | W1: Data_Issue_Flag | X1: Reference_Link | Y1: Document_ID | Z1: Subject_Type
A2: 2 | B2: =Raw_Data_Copy!B2 -> 1 | C2: =Raw_Data_Copy!E2 -> พระราชบัญญัติคุ้มครองแรงงาน พ.ศ. 2541 และที่แก้ไขเพิ่มเติม | D2: =Raw_Data_Copy!C2 -> กฎหมายคุ้มครองแรงงาน | E2: =Raw_Data_Copy!F2 -> 2/20/1998 | F2: =IF(E2="","",YEAR(E2)) -> #VALUE! | G2: =IF(E2="","",TEXT(E2,"yyyy-mm")) -> 2/20/1998 | H2: =Raw_Data_Copy!I2 -> Implemented | I2: =IF(H2="","",IF(OR(LOWER(TRIM(H2))="implemented",LOWER(TRIM(H2))="implement"),"Implemented",IF(LOWER(TRIM(H2))="identified","Identified",IF(LOWER(TRIM(H2))="evaluated","Evaluated",IF(LOWER(TRIM(H2))="under review","Under Review",H2))))) -> Implemented | J2: =Raw_Data_Copy!L2 -> Active | K2: =IF(J2="","",IF(LOWER(TRIM(J2))="active","Active",IF(LOWER(TRIM(J2))="inactive","Inactive",J2))) -> Active | L2: =Raw_Data_Copy!J2 -> จริง | M2: =Raw_Data_Copy!K2 -> สื่อสารผ่าน e-smart/ idoc / ข้อบังคับการทำงาน | N2: =--(I2="Implemented") -> 1 | O2: =--(I2="Identified") -> 0 | P2: =--(I2="Evaluated") -> 0 | Q2: =--(K2="Active") -> 1 | R2: =--(K2="Inactive") -> 0 | S2: =--(K2="") -> 0 | T2: =--(AND(K2="Active",I2<>"Implemented")) -> 0 | U2: =--(E2="") -> 0 | V2: =--(M2="") -> 0 | W2: =--(OR(U2=1,S2=1,V2=1)) -> 0 | X2: =Raw_Data_Copy!G2 -> https://legal.labour.go.th/images/law/Protection2541/2541_labour_protection.pdf | Y2: =Raw_Data_Copy!D2 -> 0 | Z2: =Raw_Data_Copy!A2 -> พระราชบัญญัติ
A3: 3 | B3: =Raw_Data_Copy!B3 -> 2 | C3: =Raw_Data_Copy!E3 -> พระราชบัญญัติส่งเสริมการพัฒนาฝีมือแรงงาน พ.ศ. 2545 และที่แก้ไขเพิ่มเติม | D3: =Raw_Data_Copy!C3 -> กฎหมายพัฒนาฝีมือแรงงาน | E3: =Raw_Data_Copy!F3 -> 9/22/2002 | F3: =IF(E3="","",YEAR(E3)) -> #VALUE! | G3: =IF(E3="","",TEXT(E3,"yyyy-mm")) -> 9/22/2002 | H3: =Raw_Data_Copy!I3 -> Implemented | I3: =IF(H3="","",IF(OR(LOWER(TRIM(H3))="implemented",LOWER(TRIM(H3))="implement"),"Implemented",IF(LOWER(TRIM(H3))="identified","Identified",IF(LOWER(TRIM(H3))="evaluated","Evaluated",IF(LOWER(TRIM(H3))="under review","Under Review",H3))))) -> Implemented | J3: =Raw_Data_Copy!L3 -> Active | K3: =IF(J3="","",IF(LOWER(TRIM(J3))="active","Active",IF(LOWER(TRIM(J3))="inactive","Inactive",J3))) -> Active | L3: =Raw_Data_Copy!J3 -> จริง | M3: =Raw_Data_Copy!K3 -> สื่อสารผ่าน e-smart/ idoc / ขั้นตอนการปฏิบัติงานเกี่ยวกับพัฒนาฝีมือแรงงาน | N3: =--(I3="Implemented") -> 1 | O3: =--(I3="Identified") -> 0 | P3: =--(I3="Evaluated") -> 0 | Q3: =--(K3="Active") -> 1 | R3: =--(K3="Inactive") -> 0 | S3: =--(K3="") -> 0 | T3: =--(AND(K3="Active",I3<>"Implemented")) -> 0 | U3: =--(E3="") -> 0 | V3: =--(M3="") -> 0 | W3: =--(OR(U3=1,S3=1,V3=1)) -> 0 | X3: =Raw_Data_Copy!G3 -> https://idev.dsd.go.th/~law/qr1/01%20%A1%AE%CB%C1%D2%C2%B7%D5%E8%E0%A1%D5%E8%C2%C7%A2%E9%CD%A7%A1%D1%BA%A1%D2%C3%BE%D1%B2%B9%D2%BD%D5%C1%D7%CD%E1%C3%A7%A7%D2%B9/%20%BE%C3%D0%C3%D2%AA%BA%D1%AD%AD%D1%B5%D4/1.%20%BE%C3%D0%C3%D2%AA%BA%D1%AD%AD%D1%B5%D4%CA%E8%A7%E0%CA%C3%D4%C1%A1%D2%C3%BE%D1%B2%B9%D2%BD%D5%C1%D7%CD%E1%C3%A7%A7%D2%B9%20%BE.%C8.2545%20%E1%C5%D0%B7%D5%E8%E1%A1%E9%E4%A2%E0%BE%D4%E8%C1%E0%B5%D4%C1.pdf | Y3: =Raw_Data_Copy!D3 -> 0 | Z3: =Raw_Data_Copy!A3 -> พระราชบัญญัติ
A4: 4 | B4: =Raw_Data_Copy!B4 -> 3 | C4: =Raw_Data_Copy!E4 -> พระราชบัญญัติแรงงานสัมพันธ์ พ.ศ. 2518 | D4: =Raw_Data_Copy!C4 -> กฎหมายแรงงานสัมพันธ์ | E4: =Raw_Data_Copy!F4 -> 2/14/1975 | F4: =IF(E4="","",YEAR(E4)) -> #VALUE! | G4: =IF(E4="","",TEXT(E4,"yyyy-mm")) -> 2/14/1975 | H4: =Raw_Data_Copy!I4 -> Implemented | I4: =IF(H4="","",IF(OR(LOWER(TRIM(H4))="implemented",LOWER(TRIM(H4))="implement"),"Implemented",IF(LOWER(TRIM(H4))="identified","Identified",IF(LOWER(TRIM(H4))="evaluated","Evaluated",IF(LOWER(TRIM(H4))="under review","Under Review",H4))))) -> Implemented | J4: =Raw_Data_Copy!L4 -> Active | K4: =IF(J4="","",IF(LOWER(TRIM(J4))="active","Active",IF(LOWER(TRIM(J4))="inactive","Inactive",J4))) -> Active | L4: =Raw_Data_Copy!J4 -> จริง | M4: =Raw_Data_Copy!K4 -> สื่อสารผ่าน e-smart/ idoc | N4: =--(I4="Implemented") -> 1 | O4: =--(I4="Identified") -> 0 | P4: =--(I4="Evaluated") -> 0 | Q4: =--(K4="Active") -> 1 | R4: =--(K4="Inactive") -> 0 | S4: =--(K4="") -> 0 | T4: =--(AND(K4="Active",I4<>"Implemented")) -> 0 | U4: =--(E4="") -> 0 | V4: =--(M4="") -> 0 | W4: =--(OR(U4=1,S4=1,V4=1)) -> 0 | X4: =Raw_Data_Copy!G4 -> https://legal.labour.go.th/images/law/Relation2518/labour_relation2518.pdf | Y4: =Raw_Data_Copy!D4 -> 0 | Z4: =Raw_Data_Copy!A4 -> พระราชบัญญัติ
A5: 5 | B5: =Raw_Data_Copy!B5 -> 4 | C5: =Raw_Data_Copy!E5 -> พระราชบัญญัติป้องกันและปราบปรามการค้ามนุษย์ พ.ศ. 2551 และฉบับที่แก้ไขเพิ่มเติม | D5: =Raw_Data_Copy!C5 -> กฎหมาย อื่น ๆ | E5: =Raw_Data_Copy!F5 -> 12/30/2008 | F5: =IF(E5="","",YEAR(E5)) -> #VALUE! | G5: =IF(E5="","",TEXT(E5,"yyyy-mm")) -> 12/30/2008 | H5: =Raw_Data_Copy!I5 -> Implemented | I5: =IF(H5="","",IF(OR(LOWER(TRIM(H5))="implemented",LOWER(TRIM(H5))="implement"),"Implemented",IF(LOWER(TRIM(H5))="identified","Identified",IF(LOWER(TRIM(H5))="evaluated","Evaluated",IF(LOWER(TRIM(H5))="under review","Under Review",H5))))) -> Implemented | J5: =Raw_Data_Copy!L5 -> Active | K5: =IF(J5="","",IF(LOWER(TRIM(J5))="active","Active",IF(LOWER(TRIM(J5))="inactive","Inactive",J5))) -> Active | L5: =Raw_Data_Copy!J5 -> จริง | M5: =Raw_Data_Copy!K5 -> สื่อสารผ่าน e-smart/ idoc | N5: =--(I5="Implemented") -> 1 | O5: =--(I5="Identified") -> 0 | P5: =--(I5="Evaluated") -> 0 | Q5: =--(K5="Active") -> 1 | R5: =--(K5="Inactive") -> 0 | S5: =--(K5="") -> 0 | T5: =--(AND(K5="Active",I5<>"Implemented")) -> 0 | U5: =--(E5="") -> 0 | V5: =--(M5="") -> 0 | W5: =--(OR(U5=1,S5=1,V5=1)) -> 0 | X5: =Raw_Data_Copy!G5 -> https://web.parliament.go.th/aseanrelated_law/files/file_20170817115531_0.pdf | Y5: =Raw_Data_Copy!D5 -> 0 | Z5: =Raw_Data_Copy!A5 -> พระราชบัญญัติ
A6: 6 | B6: =Raw_Data_Copy!B6 -> 5 | C6: =Raw_Data_Copy!E6 -> พระราชบัญญัติประกันสังคม พ.ศ. 2533 และฉบับที่แก้ไขเพิ่มเติม | D6: =Raw_Data_Copy!C6 -> กฎหมายประกันสังคม | E6: =Raw_Data_Copy!F6 -> 12/30/2008 | F6: =IF(E6="","",YEAR(E6)) -> #VALUE! | G6: =IF(E6="","",TEXT(E6,"yyyy-mm")) -> 12/30/2008 | H6: =Raw_Data_Copy!I6 -> Implemented | I6: =IF(H6="","",IF(OR(LOWER(TRIM(H6))="implemented",LOWER(TRIM(H6))="implement"),"Implemented",IF(LOWER(TRIM(H6))="identified","Identified",IF(LOWER(TRIM(H6))="evaluated","Evaluated",IF(LOWER(TRIM(H6))="under review","Under Review",H6))))) -> Implemented | J6: =Raw_Data_Copy!L6 -> Active | K6: =IF(J6="","",IF(LOWER(TRIM(J6))="active","Active",IF(LOWER(TRIM(J6))="inactive","Inactive",J6))) -> Active | L6: =Raw_Data_Copy!J6 -> จริง | M6: =Raw_Data_Copy!K6 -> สื่อสารผ่าน e-smart/ idoc | N6: =--(I6="Implemented") -> 1 | O6: =--(I6="Identified") -> 0 | P6: =--(I6="Evaluated") -> 0 | Q6: =--(K6="Active") -> 1 | R6: =--(K6="Inactive") -> 0 | S6: =--(K6="") -> 0 | T6: =--(AND(K6="Active",I6<>"Implemented")) -> 0 | U6: =--(E6="") -> 0 | V6: =--(M6="") -> 0 | W6: =--(OR(U6=1,S6=1,V6=1)) -> 0 | X6: =Raw_Data_Copy!G6 -> https://www.mol.go.th/wp-content/uploads/sites/2/2021/02/2-%E0%B8%9E%E0%B8%A3%E0%B8%9A.%E0%B8%9B%E0%B8%A3%E0%B8%B0%E0%B8%81%E0%B8%B1%E0%B8%99%E0%B8%AA%E0%B8%B1%E0%B8%87%E0%B8%84%E0%B8%A1-%E0%B8%9E.%E0%B8%A8.-2533.pdf | Y6: =Raw_Data_Copy!D6 -> 0 | Z6: =Raw_Data_Copy!A6 -> พระราชบัญญัติ
A7: 7 | B7: =Raw_Data_Copy!B7 -> 6 | C7: =Raw_Data_Copy!E7 -> พระราชบัญญัติเงินทดแทน พ.ศ. 2537 และฉบับที่แก้ไขเพิ่มเติม | D7: =Raw_Data_Copy!C7 -> กฎหมายประกันสังคม | E7: =Raw_Data_Copy!F7 -> 6/14/1994 | F7: =IF(E7="","",YEAR(E7)) -> #VALUE! | G7: =IF(E7="","",TEXT(E7,"yyyy-mm")) -> 6/14/1994 | H7: =Raw_Data_Copy!I7 -> Implemented | I7: =IF(H7="","",IF(OR(LOWER(TRIM(H7))="implemented",LOWER(TRIM(H7))="implement"),"Implemented",IF(LOWER(TRIM(H7))="identified","Identified",IF(LOWER(TRIM(H7))="evaluated","Evaluated",IF(LOWER(TRIM(H7))="under review","Under Review",H7))))) -> Implemented | J7: =Raw_Data_Copy!L7 -> Active | K7: =IF(J7="","",IF(LOWER(TRIM(J7))="active","Active",IF(LOWER(TRIM(J7))="inactive","Inactive",J7))) -> Active | L7: =Raw_Data_Copy!J7 -> จริง | M7: =Raw_Data_Copy!K7 -> สื่อสารผ่าน e-smart/ idoc | N7: =--(I7="Implemented") -> 1 | O7: =--(I7="Identified") -> 0 | P7: =--(I7="Evaluated") -> 0 | Q7: =--(K7="Active") -> 1 | R7: =--(K7="Inactive") -> 0 | S7: =--(K7="") -> 0 | T7: =--(AND(K7="Active",I7<>"Implemented")) -> 0 | U7: =--(E7="") -> 0 | V7: =--(M7="") -> 0 | W7: =--(OR(U7=1,S7=1,V7=1)) -> 0 | X7: =Raw_Data_Copy!G7 -> https://www.sso.go.th/wpr/assets/upload/files_storage/sso_th/84244ea51a2464c0713a98ddd8cc0955.pdf | Y7: =Raw_Data_Copy!D7 -> 0 | Z7: =Raw_Data_Copy!A7 -> พระราชบัญญัติ
A8: 8 | B8: =Raw_Data_Copy!B8 -> 7 | C8: =Raw_Data_Copy!E8 -> พระราชกฤษฎีกา กำหนดระยะเวลาเริ่มดำเนินการจัดเก็บเงินสะสมและเงินสมทบกองทุนสงเคราะห์ลูกจ้าง พ.ศ. 2567 | D8: =Raw_Data_Copy!C8 -> กฎหมายคุ้มครองแรงงาน | E8: =Raw_Data_Copy!F8 -> 11/15/2024 | F8: =IF(E8="","",YEAR(E8)) -> #VALUE! | G8: =IF(E8="","",TEXT(E8,"yyyy-mm")) -> 11/15/2024 | H8: =Raw_Data_Copy!I8 -> Evaluated | I8: =IF(H8="","",IF(OR(LOWER(TRIM(H8))="implemented",LOWER(TRIM(H8))="implement"),"Implemented",IF(LOWER(TRIM(H8))="identified","Identified",IF(LOWER(TRIM(H8))="evaluated","Evaluated",IF(LOWER(TRIM(H8))="under review","Under Review",H8))))) -> Evaluated | J8: =Raw_Data_Copy!L8 -> Active | K8: =IF(J8="","",IF(LOWER(TRIM(J8))="active","Active",IF(LOWER(TRIM(J8))="inactive","Inactive",J8))) -> Active | L8: =Raw_Data_Copy!J8 -> จริง | M8: =Raw_Data_Copy!K8 -> สื่อสารผ่าน e-smart/ idoc | N8: =--(I8="Implemented") -> 0 | O8: =--(I8="Identified") -> 0 | P8: =--(I8="Evaluated") -> 1 | Q8: =--(K8="Active") -> 1 | R8: =--(K8="Inactive") -> 0 | S8: =--(K8="") -> 0 | T8: =--(AND(K8="Active",I8<>"Implemented")) -> 1 | U8: =--(E8="") -> 0 | V8: =--(M8="") -> 0 | W8: =--(OR(U8=1,S8=1,V8=1)) -> 0 | X8: =Raw_Data_Copy!G8 -> https://legal.labour.go.th/images/law/Protection2541/2567/EWF_14-11-67.pdf | Y8: =Raw_Data_Copy!D8 -> 0 | Z8: =Raw_Data_Copy!A8 -> พระราชกฤษฎีกา
A9: 9 | B9: =Raw_Data_Copy!B9 -> 8 | C9: =Raw_Data_Copy!E9 -> กฎกระทรวง กำหนดค่าล่วงเวลาและค่าตอบแทนการทำงานที่เกินวันละแปดชั่วโมง ในงานเฝ้าดูแลสถานที่หรือทรัพย์สินอันเป็นหน้าที่การทำงานปกติของลูกจ้าง พ.ศ. 2568 | D9: =Raw_Data_Copy!C9 -> กฎหมายคุ้มครองแรงงาน | E9: =Raw_Data_Copy!F9 -> 4/24/2025 | F9: =IF(E9="","",YEAR(E9)) -> #VALUE! | G9: =IF(E9="","",TEXT(E9,"yyyy-mm")) -> 4/24/2025 | H9: =Raw_Data_Copy!I9 -> Evaluated | I9: =IF(H9="","",IF(OR(LOWER(TRIM(H9))="implemented",LOWER(TRIM(H9))="implement"),"Implemented",IF(LOWER(TRIM(H9))="identified","Identified",IF(LOWER(TRIM(H9))="evaluated","Evaluated",IF(LOWER(TRIM(H9))="under review","Under Review",H9))))) -> Evaluated | J9: =Raw_Data_Copy!L9 -> Active | K9: =IF(J9="","",IF(LOWER(TRIM(J9))="active","Active",IF(LOWER(TRIM(J9))="inactive","Inactive",J9))) -> Active | L9: =Raw_Data_Copy!J9 -> จริง | M9: =Raw_Data_Copy!K9 -> สื่อสารผ่าน e-smart/ idoc | N9: =--(I9="Implemented") -> 0 | O9: =--(I9="Identified") -> 0 | P9: =--(I9="Evaluated") -> 1 | Q9: =--(K9="Active") -> 1 | R9: =--(K9="Inactive") -> 0 | S9: =--(K9="") -> 0 | T9: =--(AND(K9="Active",I9<>"Implemented")) -> 1 | U9: =--(E9="") -> 0 | V9: =--(M9="") -> 0 | W9: =--(OR(U9=1,S9=1,V9=1)) -> 0 | X9: =Raw_Data_Copy!G9 -> https://ratchakitcha.soc.go.th/documents/68372.pdf | Y9: =Raw_Data_Copy!D9 -> 68372 | Z9: =Raw_Data_Copy!A9 -> กฎกระทรวง
A10: 10 | B10: =Raw_Data_Copy!B10 -> 9 | C10: =Raw_Data_Copy!E10 -> กฎกระทรวง กำหนดหลักเกณฑ์และวิธีการจัดการสงเคราะห์แก่ลูกจ้าง ในกรณีที่ลูกจ้างออกจากงานหรือตาย พ.ศ. 2567 | D10: =Raw_Data_Copy!C10 -> กฎหมายคุ้มครองแรงงาน | E10: =Raw_Data_Copy!F10 -> 11/21/2025 | F10: =IF(E10="","",YEAR(E10)) -> #VALUE! | G10: =IF(E10="","",TEXT(E10,"yyyy-mm")) -> 11/21/2025 | H10: =Raw_Data_Copy!I10 -> Implemented | I10: =IF(H10="","",IF(OR(LOWER(TRIM(H10))="implemented",LOWER(TRIM(H10))="implement"),"Implemented",IF(LOWER(TRIM(H10))="identified","Identified",IF(LOWER(TRIM(H10))="evaluated","Evaluated",IF(LOWER(TRIM(H10))="under review","Under Review",H10))))) -> Implemented | J10: =Raw_Data_Copy!L10 -> Inactive | K10: =IF(J10="","",IF(LOWER(TRIM(J10))="active","Active",IF(LOWER(TRIM(J10))="inactive","Inactive",J10))) -> Inactive | L10: =Raw_Data_Copy!J10 -> จริง | M10: =Raw_Data_Copy!K10 -> สื่อสารผ่าน e-smart/ idoc | N10: =--(I10="Implemented") -> 1 | O10: =--(I10="Identified") -> 0 | P10: =--(I10="Evaluated") -> 0 | Q10: =--(K10="Active") -> 0 | R10: =--(K10="Inactive") -> 1 | S10: =--(K10="") -> 0 | T10: =--(AND(K10="Active",I10<>"Implemented")) -> 0 | U10: =--(E10="") -> 0 | V10: =--(M10="") -> 0 | W10: =--(OR(U10=1,S10=1,V10=1)) -> 0 | X10: =Raw_Data_Copy!G10 -> https://legal.labour.go.th/images/law/Protection2541/2567/EWF2_14-11-67.pdf | Y10: =Raw_Data_Copy!D10 -> 0 | Z10: =Raw_Data_Copy!A10 -> กฎกระทรวง
A11: 11 | B11: =Raw_Data_Copy!B11 -> 10 | C11: =Raw_Data_Copy!E11 -> กฎกระทรวง กำหนดอัตราเงินสะสมและเงินสมทบกองทุนสงเคราะห์ลูกจ้าง พ.ศ. 2567 | D11: =Raw_Data_Copy!C11 -> กฎหมายคุ้มครองแรงงาน | E11: =Raw_Data_Copy!F11 -> 11/22/2025 | F11: =IF(E11="","",YEAR(E11)) -> #VALUE! | G11: =IF(E11="","",TEXT(E11,"yyyy-mm")) -> 11/22/2025 | H11: =Raw_Data_Copy!I11 -> Evaluated | I11: =IF(H11="","",IF(OR(LOWER(TRIM(H11))="implemented",LOWER(TRIM(H11))="implement"),"Implemented",IF(LOWER(TRIM(H11))="identified","Identified",IF(LOWER(TRIM(H11))="evaluated","Evaluated",IF(LOWER(TRIM(H11))="under review","Under Review",H11))))) -> Evaluated | J11: =Raw_Data_Copy!L11 -> Inactive | K11: =IF(J11="","",IF(LOWER(TRIM(J11))="active","Active",IF(LOWER(TRIM(J11))="inactive","Inactive",J11))) -> Inactive | L11: =Raw_Data_Copy!J11 -> จริง | M11: =Raw_Data_Copy!K11 -> สื่อสารผ่าน e-smart/ idoc | N11: =--(I11="Implemented") -> 0 | O11: =--(I11="Identified") -> 0 | P11: =--(I11="Evaluated") -> 1 | Q11: =--(K11="Active") -> 0 | R11: =--(K11="Inactive") -> 1 | S11: =--(K11="") -> 0 | T11: =--(AND(K11="Active",I11<>"Implemented")) -> 0 | U11: =--(E11="") -> 0 | V11: =--(M11="") -> 0 | W11: =--(OR(U11=1,S11=1,V11=1)) -> 0 | X11: =Raw_Data_Copy!G11 -> https://legal.labour.go.th/images/law/Protection2541/2567/EWF1_14-11-67.pdf | Y11: =Raw_Data_Copy!D11 -> 0 | Z11: =Raw_Data_Copy!A11 -> กฎกระทรวง
A12: 12 | B12: =Raw_Data_Copy!B12 -> 11 | C12: =Raw_Data_Copy!E12 -> กฎกระทรวง กำหนดประเภทของสถานประกอบกิจการและการดำเนินการของสถานประกอบกิจการในการป้องกันและแก้ไขปัญหาการตั้งครรภ์ในวัยรุ่นแก่ลูกจ้างซึ่งเป็นวัยรุ่น พ.ศ. 2561 | D12: =Raw_Data_Copy!C12 -> กฎหมาย อื่น ๆ | E12: =Raw_Data_Copy!F12 -> 11/16/2018 | F12: =IF(E12="","",YEAR(E12)) -> #VALUE! | G12: =IF(E12="","",TEXT(E12,"yyyy-mm")) -> 11/16/2018 | H12: =Raw_Data_Copy!I12 -> Evaluated | I12: =IF(H12="","",IF(OR(LOWER(TRIM(H12))="implemented",LOWER(TRIM(H12))="implement"),"Implemented",IF(LOWER(TRIM(H12))="identified","Identified",IF(LOWER(TRIM(H12))="evaluated","Evaluated",IF(LOWER(TRIM(H12))="under review","Under Review",H12))))) -> Evaluated | J12: =Raw_Data_Copy!L12 -> Active | K12: =IF(J12="","",IF(LOWER(TRIM(J12))="active","Active",IF(LOWER(TRIM(J12))="inactive","Inactive",J12))) -> Active | L12: =Raw_Data_Copy!J12 -> จริง | M12: =Raw_Data_Copy!K12 -> สื่อสารผ่าน e-smart/ idoc | N12: =--(I12="Implemented") -> 0 | O12: =--(I12="Identified") -> 0 | P12: =--(I12="Evaluated") -> 1 | Q12: =--(K12="Active") -> 1 | R12: =--(K12="Inactive") -> 0 | S12: =--(K12="") -> 0 | T12: =--(AND(K12="Active",I12<>"Implemented")) -> 1 | U12: =--(E12="") -> 0 | V12: =--(M12="") -> 0 | W12: =--(OR(U12=1,S12=1,V12=1)) -> 0 | X12: =Raw_Data_Copy!G12 -> https://legal.labour.go.th/images/law/Protection2541/2561_21.PDF | Y12: =Raw_Data_Copy!D12 -> 0 | Z12: =Raw_Data_Copy!A12 -> กฎกระทรวง
A13: 13 | B13: =Raw_Data_Copy!B13 -> 12 | C13: =Raw_Data_Copy!E13 -> กฎกระทรวง ว่าด้วยการจัดสวัสดิการในสถานประกอบกิจการ พ.ศ. 2548 | D13: =Raw_Data_Copy!C13 -> กฎหมายคุ้มครองแรงงาน | E13: =Raw_Data_Copy!F13 -> 3/29/2005 | F13: =IF(E13="","",YEAR(E13)) -> #VALUE! | G13: =IF(E13="","",TEXT(E13,"yyyy-mm")) -> 3/29/2005 | H13: =Raw_Data_Copy!I13 -> Implemented | I13: =IF(H13="","",IF(OR(LOWER(TRIM(H13))="implemented",LOWER(TRIM(H13))="implement"),"Implemented",IF(LOWER(TRIM(H13))="identified","Identified",IF(LOWER(TRIM(H13))="evaluated","Evaluated",IF(LOWER(TRIM(H13))="under review","Under Review",H13))))) -> Implemented | J13: =Raw_Data_Copy!L13 -> Active | K13: =IF(J13="","",IF(LOWER(TRIM(J13))="active","Active",IF(LOWER(TRIM(J13))="inactive","Inactive",J13))) -> Active | L13: =Raw_Data_Copy!J13 -> จริง | M13: =Raw_Data_Copy!K13 -> สื่อสารผ่าน e-smart/ idoc | N13: =--(I13="Implemented") -> 1 | O13: =--(I13="Identified") -> 0 | P13: =--(I13="Evaluated") -> 0 | Q13: =--(K13="Active") -> 1 | R13: =--(K13="Inactive") -> 0 | S13: =--(K13="") -> 0 | T13: =--(AND(K13="Active",I13<>"Implemented")) -> 0 | U13: =--(E13="") -> 0 | V13: =--(M13="") -> 0 | W13: =--(OR(U13=1,S13=1,V13=1)) -> 0 | X13: =Raw_Data_Copy!G13 -> https://legal.labour.go.th/images/law/Protection2541/2541_17.pdf | Y13: =Raw_Data_Copy!D13 -> 0 | Z13: =Raw_Data_Copy!A13 -> กฎกระทรวง
... A75: 75 | B75: =Raw_Data_Copy!B75 -> 74 | C75: =Raw_Data_Copy!E75 -> กฎกระทรวง การอนุญาตเป็นผู้ชำนาญการด้านความปลอดภัย อาชีวอนามัย และสภาพแวดล้อมในการทำงาน พ.ศ. 2567 | D75: =Raw_Data_Copy!C75 -> กฎหมายความปลอดภัย อาชีวอนามัย และสภาพแวดล้อมในการทำงาน | E75: =Raw_Data_Copy!F75 -> 11/20/2024 | F75: =IF(E75="","",YEAR(E75)) -> #VALUE! | G75: =IF(E75="","",TEXT(E75,"yyyy-mm")) -> 11/20/2024 | H75: =Raw_Data_Copy!I75 -> Implemented | I75: =IF(H75="","",IF(OR(LOWER(TRIM(H75))="implemented",LOWER(TRIM(H75))="implement"),"Implemented",IF(LOWER(TRIM(H75))="identified","Identified",IF(LOWER(TRIM(H75))="evaluated","Evaluated",IF(LOWER(TRIM(H75))="under review","Under Review",H75))))) -> Implemented | J75: =Raw_Data_Copy!L75 -> Active | K75: =IF(J75="","",IF(LOWER(TRIM(J75))="active","Active",IF(LOWER(TRIM(J75))="inactive","Inactive",J75))) -> Active | L75: =Raw_Data_Copy!J75 -> จริง | M75: =Raw_Data_Copy!K75 -> 1) ทบทวนทะเบียนกฎหมายให้ครอบคลุมกฎกระทรวงฉบับนี้ โดยเฉพาะองค์กรที่ต้องใช้ผู้ชำนาญการภายนอกหรือบุคลากรภายในที่ต้องขึ้นเป็นผู้ชำนาญการตามกฎหมาย 2) ตรวจสอบคุณสมบัติ สถานะใบอนุญาต อายุใบอนุญาต การต่ออายุ และหลักฐานการพัฒนาความรู้ของผู้ชำนาญการที่องค์กรใช้ เพื่อป้องกันการใช้บุคคลที่ไม่มีสิทธิหรือใบอนุญาตหมดอายุ 3) ควบคุมเอกสารสำคัญ เช่น คำสั่งแต่งตั้ง/ว่าจ้าง สำเนาใบอนุญาต รายงานผลการปฏิบัติงาน หนังสือรับรอง ผลการประเมินอันตราย แผนงานด้านความปลอดภัย และหลักฐานการแจ้งต่ออธิบดี ให้พร้อมตรวจสอบ 4) ใช้กฎหมายฉบับนี้เชื่อมกับระบบ มรท.8001 ในเรื่องการคัดเลือกผู้มีความสามารถ การประเมินความสอดคล้องตามกฎหมาย การตรวจติดตามภายใน และการควบคุมผู้รับจ้าง/ที่ปรึกษาด้านความปลอดภัย 5) หากองค์กรมี จป. ระดับเทคนิค/เทคนิคขั้นสูง/วิชาชีพ ที่จะพัฒนาไปเป็นผู้ชำนาญการ ควรจัดทำแผนพัฒนาความสามารถและเส้นทางคุณวุฒิให้ชัดเจน เพื่อใช้ทั้งเชิง compliance และเชิงพัฒนาระบบความปลอดภัยขององค์กร | N75: =--(I75="Implemented") -> 1 | O75: =--(I75="Identified") -> 0 | P75: =--(I75="Evaluated") -> 0 | Q75: =--(K75="Active") -> 1 | R75: =--(K75="Inactive") -> 0 | S75: =--(K75="") -> 0 | T75: =--(AND(K75="Active",I75<>"Implemented")) -> 0 | U75: =--(E75="") -> 0 | V75: =--(M75="") -> 0 | W75: =--(OR(U75=1,S75=1,V75=1)) -> 0 | X75: =Raw_Data_Copy!G75 -> https://legal.labour.go.th/images/law/Safety2554/2567/Safety_14-11-67.pdf | Y75: =Raw_Data_Copy!D75 -> 0 | Z75: =Raw_Data_Copy!A75 -> กฎกระทรวง

Sheet Raw_Data_Copy
A1: Subject | B1: No | C1: Category | D1: Document ID / Reference No. | E1: Legal / Regulatory Title | F1: Date of Issue / Effective Date | G1: Legal Reference Link | H1: Key Legal & Regulatory Requirements | I1: Compliance Implementation Status | J1: (Y) Compliant / (N) Non-Compliant | K1: Implementation Guidance & Evidence Examples | L1: Legal Validity Status | M1: Approval status
A2: พระราชบัญญัติ | B2: 1 | C2: กฎหมายคุ้มครองแรงงาน | E2: พระราชบัญญัติคุ้มครองแรงงาน พ.ศ. 2541 และที่แก้ไขเพิ่มเติม | F2: 2/20/1998 | G2: https://legal.labour.go.th/images/law/Protection2541/2541_labour_protection.pdf | H2: พระราชบัญญัติฉบับนี้มีขึ้นเพื่อปรับปรุงกฎหมายแรงงานให้เหมาะสมกับสถานการณ์ในปัจจุบัน โดยยกเลิกประกาศเดิมที่ใช้มานานและไม่ทันต่อการเปลี่ยนแปลงของรูปแบบการจ้างงานและบริบททางเศรษฐกิจ–สังคม กฎหมายฉบับใหม่นี้มุ่งส่งเสริมความเป็นธรรมในการจ้างงาน เพิ่มประสิทธิภาพในการคุ้มครองแรงงาน และให้อำนาจเจ้าหน้าที่สามารถตรวจสอบสถานประกอบการได้อย่างเหมาะสม เพื่อให้แรงงานได้รับสิทธิตามกฎหมาย และนายจ้างได้รับประโยชน์จากแรงงานที่มีคุณภาพ ช่วยเสริมสร้างเสถียรภาพทางเศรษฐกิจในระยะยาวของประเทศ. | I2: Implemented | J2: จริง | K2: สื่อสารผ่าน e-smart/ idoc / ข้อบังคับการทำงาน | L2: Active | M2: 3
A3: พระราชบัญญัติ | B3: 2 | C3: กฎหมายพัฒนาฝีมือแรงงาน | E3: พระราชบัญญัติส่งเสริมการพัฒนาฝีมือแรงงาน พ.ศ. 2545 และที่แก้ไขเพิ่มเติม | F3: 9/22/2002 | G3: https://idev.dsd.go.th/~law/qr1/01%20%A1%AE%CB%C1%D2%C2%B7%D5%E8%E0%A1%D5%E8%C2%C7%A2%E9%CD%A7%A1%D1%BA%A1%D2%C3%BE%D1%B2%B9%D2%BD%D5%C1%D7%CD%E1%C3%A7%A7%D2%B9/%20%BE%C3%D0%C3%D2%AA%BA%D1%AD%AD%D1%B5%D4/1.%20%BE%C3%D0%C3%D2%AA%BA%D1%AD%AD%D1%B5%D4%CA%E8%A7%E0%CA%C3%D4%C1%A1%D2%C3%BE%D1%B2%B9%D2%BD%D5%C1%D7%CD%E1%C3%A7%A7%D2%B9%20%BE.%C8.2545%20%E1%C5%D0%B7%D5%E8%E1%A1%E9%E4%A2%E0%BE%D4%E8%C1%E0%B5%D4%C1.pdf | H3: พระราชบัญญัติส่งเสริมการพัฒนาฝีมือแรงงาน พ.ศ. 2545 ตราขึ้นเพื่อให้ครอบคลุมหรือเพียงพอต่อการส่งเสริมและพัฒนาฝีมือแรงงานในยุคปัจจุบัน ทั้งในด้านการพัฒนาทักษะ ความรู้ความสามารถ การรับรองมาตรฐานฝีมือแรงงาน และการสร้างความปลอดภัยในสถานประกอบกิจการ ภายหลังได้มีความจำเป็นต้องปรับปรุงกฎหมายให้เหมาะสมกับสถานการณ์ โดยส่งเสริมให้นายจ้างหรือสถานประกอบกิจการมีบทบาทสำคัญในการพัฒนาทักษะลูกจ้างให้เป็นระบบ และสามารถใช้ผลการประเมินความรู้ความสามารถเป็นหลักฐานในการประกอบอาชีพหรือรับสิทธิประโยชน์จากรัฐได้ เพื่อส่งเสริมให้แรงงานไทยมีทักษะสูงขึ้น สอดคล้องกับความต้องการของตลาดแรงงาน และยกระดับขีดความสามารถในการแข่งขันของประเทศ | I3: Implemented | J3: จริง | K3: สื่อสารผ่าน e-smart/ idoc / ขั้นตอนการปฏิบัติงานเกี่ยวกับพัฒนาฝีมือแรงงาน | L3: Active | M3: 3
A4: พระราชบัญญัติ | B4: 3 | C4: กฎหมายแรงงานสัมพันธ์ | E4: พระราชบัญญัติแรงงานสัมพันธ์ พ.ศ. 2518 | F4: 2/14/1975 | G4: https://legal.labour.go.th/images/law/Relation2518/labour_relation2518.pdf | H4: พระราชบัญญัตินี้ถูกประกาศใช้เนื่องจากประกาศของคณะปฏิวัติฉบับที่ 13 (16 มีนาคม 2517) เกี่ยวกับแรงงานสัมพันธ์ไม่เหมาะสมกับสภาพเศรษฐกิจและสังคมปัจจุบัน จึงมีการกำหนดหลักเกณฑ์ใหม่เกี่ยวกับการยื่นข้อเรียกร้องและการระงับข้อพิพาทแรงงานที่เหมาะสม โดยนายจ้างต้องจัดตั้งสหภาพนายจ้างและลูกจ้างต้องจัดตั้งสหภาพแรงงาน เพื่อคุ้มครองผลประโยชน์ด้านการจ้าง สวัสดิการ และส่งเสริมความสัมพันธ์ระหว่างนายจ้างกับลูกจ้าง รวมถึงให้ลูกจ้างจัดตั้งคณะกรรมการลูกจ้างเป็นองค์กรในการหารือกับนายจ้างเพื่อความเข้าใจและหาทางปรองดองในการทำงานร่วมกัน | I4: Implemented | J4: จริง | K4: สื่อสารผ่าน e-smart/ idoc | L4: Active | M4: 3
A5: พระราชบัญญัติ | B5: 4 | C5: กฎหมาย อื่น ๆ | E5: พระราชบัญญัติป้องกันและปราบปรามการค้ามนุษย์ พ.ศ. 2551 และฉบับที่แก้ไขเพิ่มเติม | F5: 12/30/2008 | G5: https://web.parliament.go.th/aseanrelated_law/files/file_20170817115531_0.pdf | H5: พระราชบัญญัตินี้ประกาศใช้เนื่องจากพระราชบัญญัติมาตรการในการป้องกันและปราบปรามการค้าหญิงและเด็ก พ.ศ. ๒๕๔๐ ยังไม่ครอบคลุมการกระทำเพื่อแสวงหาประโยชน์โดยมิชอบจากบุคคลที่มิได้จำกัดเฉพาะหญิงและเด็ก และรูปแบบการค้ามนุษย์ที่หลากหลายขึ้น ประกอบกับประเทศไทยได้ลงนามอนุสัญญาสหประชาชาติเพื่อต่อต้านอาชญากรรมข้ามชาติที่จัดตั้งในลักษณะองค์กร จึงสมควรกำหนดลักษณะความผิดให้ครอบคลุมการกระทำดังกล่าวเพื่อเพิ่มประสิทธิภาพในการป้องกันและปราบปรามการค้ามนุษย์ สอดคล้องกับพันธกรณีของอนุสัญญาฯ รวมถึงปรับปรุงการช่วยเหลือและคุ้มครองสวัสดิภาพผู้เสียหายให้เหมาะสม เพื่อประโยชน์สูงสุดของผู้เสียหาย | I5: Implemented | J5: จริง | K5: สื่อสารผ่าน e-smart/ idoc | L5: Active | M5: 3
A6: พระราชบัญญัติ | B6: 5 | C6: กฎหมายประกันสังคม | E6: พระราชบัญญัติประกันสังคม พ.ศ. 2533 และฉบับที่แก้ไขเพิ่มเติม | F6: 12/30/2008 | G6: https://www.mol.go.th/wp-content/uploads/sites/2/2021/02/2-%E0%B8%9E%E0%B8%A3%E0%B8%9A.%E0%B8%9B%E0%B8%A3%E0%B8%B0%E0%B8%81%E0%B8%B1%E0%B8%99%E0%B8%AA%E0%B8%B1%E0%B8%87%E0%B8%84%E0%B8%A1-%E0%B8%9E.%E0%B8%A8.-2533.pdf | H6: พระราชบัญญัติฉบับนี้จัดตั้งระบบประกันสังคมเพื่อให้ลูกจ้างได้รับความคุ้มครองด้านค่ารักษาพยาบาล ค่าชดเชยรายได้ ทุพพลภาพ เสียชีวิต คลอดบุตร และชราภาพ โดยจัดตั้งกองทุนประกันสังคมที่ได้รับเงินสมทบจากนายจ้าง ลูกจ้าง และรัฐ เพื่อบริหารจัดการให้ความช่วยเหลือผู้ประกันตนในกรณีที่ประสบเหตุจำเป็นต่าง ๆ โดยมีสำนักงานประกันสังคมเป็นหน่วยงานรับผิดชอบหลัก | I6: Implemented | J6: จริง | K6: สื่อสารผ่าน e-smart/ idoc | L6: Active | M6: 3
A7: พระราชบัญญัติ | B7: 6 | C7: กฎหมายประกันสังคม | E7: พระราชบัญญัติเงินทดแทน พ.ศ. 2537 และฉบับที่แก้ไขเพิ่มเติม | F7: 6/14/1994 | G7: https://www.sso.go.th/wpr/assets/upload/files_storage/sso_th/84244ea51a2464c0713a98ddd8cc0955.pdf | H7: พระราชบัญญัติฉบับนี้จัดตั้งระบบเงินทดแทนขึ้นเพื่อให้ความคุ้มครองแก่ลูกจ้างกรณีได้รับอันตราย ทุพพลภาพ หรือเสียชีวิตจากการทำงาน โดยนายจ้างต้องจ่ายเงินทดแทนตามอัตราที่กฎหมายกำหนด รวมถึงให้สำนักงานประกันสังคมเป็นผู้บริหารระบบเงินทดแทน เพื่อดูแลสิทธิของลูกจ้างในการได้รับค่ารักษาพยาบาล ค่าฟื้นฟูสมรรถภาพ ค่าทำศพ หรือค่าชดเชยรายได้ตามเงื่อนไขที่บัญญัติไว้ในกฎหมาย | I7: Implemented | J7: จริง | K7: สื่อสารผ่าน e-smart/ idoc | L7: Active | M7: 3
A8: พระราชกฤษฎีกา | B8: 7 | C8: กฎหมายคุ้มครองแรงงาน | E8: พระราชกฤษฎีกา กำหนดระยะเวลาเริ่มดำเนินการจัดเก็บเงินสะสมและเงินสมทบกองทุนสงเคราะห์ลูกจ้าง พ.ศ. 2567 | F8: 11/15/2024 | G8: https://legal.labour.go.th/images/law/Protection2541/2567/EWF_14-11-67.pdf | H8: พระราชกฤษฎีกาฉบับนี้มีขึ้นเพื่อรองรับการดำเนินการตามมาตรา 133 แห่งพระราชบัญญัติคุ้มครองแรงงาน พ.ศ. 2541 ซึ่งกำหนดให้มีการจัดเก็บเงินสะสมและเงินสมทบเข้ากองทุนสงเคราะห์ลูกจ้างในหมวด 13 โดยจะมีผลบังคับใช้เมื่อมีการประกาศเป็นพระราชกฤษฎีกาอย่างเป็นทางการ ดังนั้นจึงมีความจำเป็นต้องตราพระราชกฤษฎีกานี้เพื่อให้สามารถดำเนินการตามกฎหมายได้. | I8: Evaluated | J8: จริง | K8: สื่อสารผ่าน e-smart/ idoc | L8: Active | M8: 3
A9: กฎกระทรวง | B9: 8 | C9: กฎหมายคุ้มครองแรงงาน | D9: 68372 | E9: กฎกระทรวง กำหนดค่าล่วงเวลาและค่าตอบแทนการทำงานที่เกินวันละแปดชั่วโมง ในงานเฝ้าดูแลสถานที่หรือทรัพย์สินอันเป็นหน้าที่การทำงานปกติของลูกจ้าง พ.ศ. 2568 | F9: 4/24/2025 | G9: https://ratchakitcha.soc.go.th/documents/68372.pdf | H9: กฎกระทรวงฉบับนี้มีขึ้นเพื่อยกเลิกกฎกระทรวงเดิมที่ไม่เปิดโอกาสให้ลูกจ้างในงานที่ดูแลสถานที่หรือทรัพย์สินได้รับค่าล่วงเวลาและค่าทำงานในวันหยุด ทั้งที่ปฏิบัติงานตามคำสั่งนายจ้างอย่างต่อเนื่อง โดยพระราชบัญญัติคุ้มครองแรงงานได้ถูกแก้ไขเพิ่มเติมให้สอดคล้องกับสภาพการจ้างที่เปลี่ยนแปลงไปและให้ลูกจ้างกลุ่มนี้ได้รับสิทธิคุ้มครองเช่นเดียวกับลูกจ้างทั่วไป ดังนั้น จึงจำเป็นต้องออกกฎกระทรวงฉบับใหม่นี้เพื่อให้เป็นไปตามแนวทางของกฎหมายฉบับแก้ไขใหม่. | I9: Evaluated | J9: จริง | K9: สื่อสารผ่าน e-smart/ idoc | L9: Active | M9: 3
A10: กฎกระทรวง | B10: 9 | C10: กฎหมายคุ้มครองแรงงาน | E10: กฎกระทรวง กำหนดหลักเกณฑ์และวิธีการจัดการสงเคราะห์แก่ลูกจ้าง ในกรณีที่ลูกจ้างออกจากงานหรือตาย พ.ศ. 2567 | F10: 11/21/2025 | G10: https://legal.labour.go.th/images/law/Protection2541/2567/EWF2_14-11-67.pdf | H10: กฎกระทรวงฉบับนี้มีขึ้นเพื่อกำหนดหลักเกณฑ์และวิธีการสงเคราะห์ลูกจ้างที่นายจ้างไม่สามารถจ่ายเงินสงเคราะห์ได้ในกรณีที่ลูกจ้างออกจากงานหรือตาย ซึ่งตามมาตรา 130 วรรคสอง แห่งพระราชบัญญัติคุ้มครองแรงงาน พ.ศ. 2541 ระบุให้ลูกจ้างในกรณีดังกล่าวได้รับสิทธิในเงินสงเคราะห์จากกองทุนฯ แต่กฎหมายยังไม่ได้กำหนดหลักเกณฑ์อย่างชัดเจน จึงจำเป็นต้องออกกฎกระทรวงนี้เพื่อให้การสงเคราะห์เป็นไปอย่างมีหลักเกณฑ์และเกิดประโยชน์แก่ลูกจ้างหรือทายาทของลูกจ้าง. | I10: Implemented | J10: จริง | K10: สื่อสารผ่าน e-smart/ idoc | L10: Inactive | M10: 3
A11: กฎกระทรวง | B11: 10 | C11: กฎหมายคุ้มครองแรงงาน | E11: กฎกระทรวง กำหนดอัตราเงินสะสมและเงินสมทบกองทุนสงเคราะห์ลูกจ้าง พ.ศ. 2567 | F11: 11/22/2025 | G11: https://legal.labour.go.th/images/law/Protection2541/2567/EWF1_14-11-67.pdf | H11: กฎกระทรวงฉบับนี้มีขึ้นเพื่อกำหนดหลักเกณฑ์ให้ลูกจ้างที่เป็นสมาชิกกองทุนสงเคราะห์ลูกจ้าง และได้รับค่าจ้างจากนายจ้าง ต้องถูกหักเงินส่วนหนึ่งเข้ากองทุนทุกครั้งที่ได้รับค่าจ้าง โดยอัตราการหักต้องไม่เกินร้อยละห้าของค่าจ้างตามที่กำหนดในกฎกระทรวง ทั้งนี้เพื่อให้การดำเนินงานของกองทุนมีความต่อเนื่องและเป็นไปตามกฎหมาย จึงมีความจำเป็นต้องออกกฎกระทรวงนี้. | I11: Evaluated | J11: จริง | K11: สื่อสารผ่าน e-smart/ idoc | L11: Inactive | M11: 3
A12: กฎกระทรวง | B12: 11 | C12: กฎหมาย อื่น ๆ | E12: กฎกระทรวง กำหนดประเภทของสถานประกอบกิจการและการดำเนินการของสถานประกอบกิจการในการป้องกันและแก้ไขปัญหาการตั้งครรภ์ในวัยรุ่นแก่ลูกจ้างซึ่งเป็นวัยรุ่น พ.ศ. 2561 | F12: 11/16/2018 | G12: https://legal.labour.go.th/images/law/Protection2541/2561_21.PDF | H12: กฎกระทรวงฉบับนี้กำหนดให้สถานประกอบกิจการทุกประเภทต้องดำเนินการให้ข้อมูล ความรู้ และมาตรการเพื่อป้องกันและแก้ไขปัญหาการตั้งครรภ์ในวัยรุ่นแก่ลูกจ้างที่เป็นวัยรุ่นอย่างเหมาะสม ครอบคลุมด้านความรู้เรื่องการคุมกำเนิด การเลี้ยงดูบุตรหลังคลอด และโรคติดต่อทางเพศสัมพันธ์ โดยอาจจัดให้มีบริการให้คำปรึกษา หรือส่งต่อหน่วยบริการด้านสาธารณสุขหรือสวัสดิการที่เกี่ยวข้อง ทั้งนี้เพื่อให้ลูกจ้างวัยรุ่นได้รับความคุ้มครองและมีคุณภาพชีวิตที่เหมาะสมในการทำงาน | I12: Evaluated | J12: จริง | K12: สื่อสารผ่าน e-smart/ idoc | L12: Active | M12: 3
A13: กฎกระทรวง | B13: 12 | C13: กฎหมายคุ้มครองแรงงาน | E13: กฎกระทรวง ว่าด้วยการจัดสวัสดิการในสถานประกอบกิจการ พ.ศ. 2548 | F13: 3/29/2005 | G13: https://legal.labour.go.th/images/law/Protection2541/2541_17.pdf | H13: กฎกระทรวงฉบับนี้กำหนดให้สถานประกอบกิจการต้องจัดให้มีน้ำดื่มสะอาด ห้องน้ำ ห้องอาบน้ำ รวมถึงห้องส้วมที่เพียงพอ แยกชายหญิง และเหมาะสมกับลักษณะงานหรือคนพิการ และในสถานที่ทำงานต้องจัดให้มีห้องพยาบาลหรือบริการปฐมพยาบาลเบื้องต้น รวมถึงสถานพยาบาลหากลูกจ้างเจ็บป่วย ทั้งนี้เพื่อส่งเสริมสุขภาพและความเป็นอยู่ที่เหมาะสมของลูกจ้างในทุกสถานประกอบกิจการ | I13: Implemented | J13: จริง | K13: สื่อสารผ่าน e-smart/ idoc | L13: Active | M13: 3
A14: กฎกระทรวง | B14: 13 | C14: กฎหมายคุ้มครองแรงงาน | E14: กฎกระทรวง กำหนดอัตราน้ำหนักให้ลูกจ้างทำงานได้ พ.ศ. 2547 | F14: 4/23/2004 | G14: https://legal.labour.go.th/images/law/Protection2541/2541_15.pdf | H14: กฎกระทรวงฉบับนี้กำหนดน้ำหนักสูงสุดที่นายจ้างสามารถให้ลูกจ้างแบก หาม หาบ ทูน ลาก หรือเข็นของหนักได้อย่างปลอดภัย โดยจำกัดไม่ให้เกินอัตราที่เหมาะสมกับเพศและอายุของลูกจ้าง เช่น เด็กหญิงและเด็กชายอายุต่ำกว่า 18 ปี ห้ามแบกของเกิน 15–20 กิโลกรัม และในกรณีทั่วไปลูกจ้างหญิงห้ามทำงานแบกของเกิน 25 กิโลกรัม ส่วนลูกจ้างชายไม่เกิน 55 กิโลกรัม ทั้งนี้เพื่อป้องกันการบาดเจ็บและอันตรายจากการทำงาน และเพื่อให้สอดคล้องกับหลักการคุ้มครองแรงงานอย่างปลอดภัยและเหมาะสม | I14: Implemented | J14: จริง | K14: สื่อสารผ่าน e-smart/ idoc | L14: Active | M14: 3
A15: กฎกระทรวง | B15: 14 | C15: กฎหมายคุ้มครองแรงงาน | E15: กฎกระทรวง ฉบับที่ 2 (พ.ศ. 2541) ออกตามความในพระราชบัญญัติคุ้มครองแรงงาน พ.ศ. 2541 | F15: 8/19/1998 | G15: https://legal.labour.go.th/images/law/Protection2541/2541_2.pdf | H15: กฎกระทรวงฉบับนี้กำหนดให้นายจ้างต้องจำกัดเวลาทำงานปกติไม่เกินวันละแปดชั่วโมงสำหรับงานทุกประเภท และในกรณีของงานที่มีลักษณะเสี่ยงต่อสุขภาพหรือความปลอดภัย เช่น งานในที่อับอากาศ งานเกี่ยวกับสารเคมี งานที่ต้องใช้ความร้อนหรือเครื่องจักรอันตราย ฯลฯ นายจ้างต้องจัดมาตรการควบคุมความเสี่ยงตามมาตรฐานความปลอดภัยที่กฎกระทรวงกำหนด ไม่สามารถยืดหยุ่นหรือปรับปรุงให้ทำงานเกินเวลาได้ และต้องมีมาตรการป้องกันที่เข้มงวดเพื่อคุ้มครองลูกจ้างจากอันตรายในการทำงาน | I15: Implemented | J15: จริง | K15: สื่อสารผ่าน e-smart/ idoc | L15: Active | M15: 3
A16: กฎกระทรวง | B16: 15 | C16: กฎหมายคุ้มครองแรงงาน | E16: กฎกระทรวง ฉบับที่ 3 (พ.ศ. 2541) ออกตามความในพระราชบัญญัติคุ้มครองแรงงาน พ.ศ. 2541 | F16: 8/19/1998 | G16: https://legal.labour.go.th/images/law/Protection2541/2541_3.pdf | H16: กฎกระทรวงฉบับนี้กำหนดให้จำนวนชั่วโมงการทำงานล่วงเวลาและการทำงานในวันหยุดรวมกันในแต่ละสัปดาห์ต้องไม่เกิน 36 ชั่วโมง และในกรณีที่มีการทำงานในวันหยุด ชั่วโมงดังกล่าวต้องนับรวมเป็นชั่วโมงล่วงเวลาด้วย ทั้งนี้เพื่อควบคุมไม่ให้ลูกจ้างทำงานเกินความเหมาะสม และรักษาสิทธิของลูกจ้างในการพักผ่อนและสภาพการทำงานที่เป็นธรรมตามเจตนารมณ์ของพระราชบัญญัติคุ้มครองแรงงาน. | I16: Implemented | J16: จริง | K16: สื่อสารผ่าน e-smart/ idoc | L16: Active | M16: 3
A17: กฎกระทรวง | B17: 16 | C17: กฎหมายคุ้มครองแรงงาน | E17: กฎกระทรวง ฉบับที่ 4 (พ.ศ. 2541) ออกตามความในพระราชบัญญัติคุ้มครองแรงงาน พ.ศ. 2541 | F17: 8/19/1998 | G17: https://legal.labour.go.th/images/law/Protection2541/2541_4.pdf | H17: กฎกระทรวงฉบับนี้กำหนดให้นายจ้างสามารถให้ลูกจ้างทำงานในวันหยุดตามประเพณีได้ในบางกรณี เช่น งานในโรงแรม ร้านอาหาร สถานบันเทิง สถานพยาบาล หรือธุรกิจท่องเที่ยว รวมถึงงานในพื้นที่ห่างไกลหรือทุรกันดาร และงานขนส่งหรือติดต่อที่หากหยุดงานจะกระทบต่อการดำเนินงาน ทั้งนี้เพื่อให้กิจการที่มีลักษณะพิเศษสามารถดำเนินต่อเนื่องได้โดยไม่กระทบต่อบริการหรือความเสียหายของงานนั้น ๆ | I17: Implemented | J17: จริง | K17: สื่อสารผ่าน e-smart/ idoc | L17: Active | M17: 3
A18: กฎกระทรวง | B18: 17 | C18: กฎหมายคุ้มครองแรงงาน | E18: กฎกระทรวง ฉบับที่ 5 (พ.ศ. 2541) ออกตามความในพระราชบัญญัติคุ้มครองแรงงาน พ.ศ. 2541 | F18: 8/19/1998 | G18: https://legal.labour.go.th/images/law/Protection2541/2541_5.pdf | H18: กฎกระทรวงฉบับนี้กำหนดให้ลูกจ้างมีสิทธิเข้ารับการฝึกอบรมหรือฝึกหัดทางวิชาการเพื่อพัฒนาความรู้และเพิ่มประสิทธิภาพในการทำงาน โดยนายจ้างต้องแจ้งล่วงหน้าและไม่เรียกเก็บค่าใช้จ่ายใด ๆ ทั้งสิ้น รวมถึงต้องระบุหลักสูตรและระยะเวลาให้ชัดเจน และห้ามนำข้อมูลจากการอบรมไปใช้ในทางที่ไม่เกี่ยวข้องหรือให้ประโยชน์แก่ผู้อื่นที่ไม่ได้เข้าร่วมอบรม | I18: Implemented | J18: จริง | K18: สื่อสารผ่าน e-smart/ idoc | L18: Active | M18: 3
A19: กฎกระทรวง | B19: 18 | C19: กฎหมายคุ้มครองแรงงาน | E19: กฎกระทรวง ฉบับที่ 6 (พ.ศ. 2541) ออกตามความในพระราชบัญญัติคุ้มครองแรงงาน พ.ศ. 2541 | F19: 8/19/1998 | G19: https://legal.labour.go.th/images/law/Protection2541/2541_6.pdf | H19: กฎกระทรวงฉบับนี้ห้ามนายจ้างให้เด็กอายุต่ำกว่า 18 ปีทำงานบางประเภทที่อาจเป็นอันตราย เช่น งานเกี่ยวกับเครื่องจักร งานยกของหนัก งานในเรือเดินทะเล งานผลิตสุรา บุหรี่ หรือยาเสพติด และงานที่อาจกระทบต่อสุขภาพ ความปลอดภัย หรือศีลธรรมของเด็ก เพื่อคุ้มครองสวัสดิภาพและพัฒนาการที่เหมาะสมของเยาวชนในวัยทำงาน | I19: Implemented | J19: จริง | K19: สื่อสารผ่าน e-smart/ idoc | L19: Active | M19: 3
A20: กฎกระทรวง | B20: 19 | C20: กฎหมายคุ้มครองแรงงาน | E20: กฎกระทรวง ฉบับที่ 12 (พ.ศ. 2541) ออกตามความในพระราชบัญญัติคุ้มครองแรงงาน พ.ศ. 2541 | F20: 9/14/1998 | G20: https://legal.labour.go.th/images/law/Protection2541/2541_12.pdf | H20: กฎกระทรวงฉบับนี้ออกตามพระราชบัญญัติคุ้มครองแรงงาน พ.ศ. 2541 เพื่อกำหนดรายละเอียดเกี่ยวกับการทำงานในวันหยุดของลูกจ้างรายวัน รายสัปดาห์ หรือรายอื่นที่ไม่ใช่รายเดือน โดยมีเนื้อหาหลักคือ ให้นายจ้างสามารถให้ลูกจ้างทำงานในวันหยุดได้หากลูกจ้างยินยอม และต้องได้รับค่าจ้างเพิ่มตามที่กฎหมายกำหนด นอกจากนี้ยังระบุกรณีที่ลูกจ้างทำงานต่อเนื่องถึงวันหยุด โดยให้นับชั่วโมงการทำงานในวันหยุดรวมกับชั่วโมงปกติ และให้นับค่าจ้างในอัตราพิเศษตามช่วงเวลาที่เกินจากเวลาทำงานปกติ ทั้งนี้เพื่อให้การจ่ายค่าจ้างและการจัดสรรเวลาทำงานเป็นธรรมตามสิทธิที่ลูกจ้างพึงได้รับ. | I20: Implemented | J20: จริง | K20: สื่อสารผ่าน e-smart/ idoc | L20: Active | M20: 3
A21: กฎกระทรวง | B21: 20 | C21: กฎหมายคุ้มครองแรงงาน | E21: กฎกระทรวง ฉบับที่ 13 (พ.ศ. 2543) ออกตามความในพระราชบัญญัติคุ้มครองแรงงาน พ.ศ. 2541 | F21: 1/24/2000 | G21: https://legal.labour.go.th/images/law/Protection2541/2541_13.pdf | H21: กฎกระทรวงฉบับนี้กำหนดให้การหยุดงานกรณีพนักงานลาคลอด หรือลาป่วยที่เกี่ยวกับการคลอดบุตร ต้องไม่ถือเป็นการขาดงานหรือกระทบสิทธิของลูกจ้าง โดยให้นายจ้างและลูกจ้างตกลงกำหนดเวลาทำงานที่ยืดหยุ่นได้ตามความเหมาะสม แต่ไม่เกิน 8 ชั่วโมงต่อวัน และไม่เกิน 48 ชั่วโมงต่อสัปดาห์ ทั้งนี้ให้ยกเลิกกฎกระทรวง ฉบับที่ 7 (พ.ศ. 2541) เพื่อปรับปรุงให้เหมาะสมกับสถานการณ์แรงงานในปัจจุบัน โดยเน้นความยืดหยุ่นในการจัดเวลาทำงานที่คำนึงถึงความจำเป็นของลูกจ้าง และความเห็นชอบร่วมกันระหว่างลูกจ้างและนายจ้าง. | I21: Implemented | J21: จริง | K21: สื่อสารผ่าน e-smart/ idoc | L21: Active | M21: 3
A22: กฎกระทรวง | B22: 21 | C22: กฎหมายประกันสังคม | E22: กฎกระทรวงกำหนดอัตราเงินสมทบกองทุนประกันสังคม พ.ศ. 2565 | F22: 44652 | G22: https://www.sso.go.th/wpr/assets/upload/files_storage/sso_th/61b1cf134d15fcbbcf8f791d9b838367.pdf | H22: กฎกระทรวงฉบับนี้กำหนดอัตราเงินสมทบเข้ากองทุนประกันสังคม สำหรับกรณีประสบอันตราย เจ็บป่วย ทุพพลภาพ ตาย คลอดบุตร และกรณีสงเคราะห์บุตร รวมถึงกรณีชราภาพและว่างงาน โดยแบ่งภาระระหว่างนายจ้าง ลูกจ้าง และรัฐ เช่น การสมทบกรณีเจ็บป่วยและคลอดบุตรจะอยู่ที่ 0.5% ของค่าจ้าง ส่วนกรณีชราภาพและว่างงานจะอยู่ที่ 3.0% ตามบัญชีแนบท้าย เพื่อให้การบริหารกองทุนมีความยั่งยืนและเพียงพอรองรับสิทธิประโยชน์ของผู้ประกันตนอย่างต่อเนื่อง | I22: Implemented | J22: จริง | K22: สื่อสารผ่าน e-smart/ idoc | L22: Active | M22: 3
A23: กฎกระทรวง | B23: 22 | C23: กฎหมายประกันสังคม | E23: กฎกระทรวงค่าฟื้นฟูสมรรถภาพในการทำงานที่ให้นายจ้างจ่าย พ.ศ. 2563 | F23: 3/26/2020 | G23: https://www.sso.go.th/wpr/assets/upload/files_storage/sso_th/8742268c94cafccf89f30ddc50c83af5.pdf | H23: กฎกระทรวงฉบับนี้กำหนดให้นายจ้างเป็นผู้รับผิดชอบค่าใช้จ่ายในการฟื้นฟูสมรรถภาพของลูกจ้างที่ประสบอันตรายหรือเจ็บป่วยจากการทำงาน เช่น ค่าฝึกอาชีพ ค่าอุปกรณ์ทางการแพทย์ ค่าพาหนะ และค่าใช้จ่ายอื่นตามที่คณะกรรมการการแพทย์เห็นสมควร โดยมีเพดานค่าใช้จ่ายสูงสุดในแต่ละกรณี เพื่อให้ลูกจ้างสามารถกลับไปทำงานหรือประกอบอาชีพได้อย่างมีประสิทธิภาพและเหมาะสมกับสภาพร่างกาย | I23: Implemented | J23: จริง | K23: สื่อสารผ่าน e-smart/ idoc | L23: Active | M23: 3
A24: กฎกระทรวง | B24: 23 | C24: กฎหมายประกันสังคม | E24: กฎกระทรวง ค่ารักษาพยาบาลที่ให้นายจ้างจ่าย พ.ศ. 2563 | G24: https://www.sso.go.th/wpr/assets/upload/files_storage/sso_th/8e53d6555bb1dacfe7e1a420467424e5.pdf | H24: กฎกระทรวงฉบับนี้กำหนดให้ยกเลิกกฎกระทรวงค่ารักษาพยาบาลฉบับเดิม และให้ใช้อัตราใหม่ในกรณีลูกจ้างได้รับอันตรายจากการทำงาน โดยนายจ้างต้องรับผิดชอบค่ารักษาพยาบาลตามความจำเป็น ไม่เกินเพดานที่กำหนด เช่น ค่าห้อง ค่าอาหาร ค่ารักษาพยาบาลทั่วไป ค่ายา และค่าบริการพยาบาล ทั้งนี้รวมถึงกรณีที่ลูกจ้างเข้ารับการรักษาต่อเนื่องหรือมีเหตุพิเศษที่จำเป็นต้องใช้อุปกรณ์หรือบริการเพิ่มเติม โดยต้องได้รับความเห็นชอบจากคณะกรรมการการแพทย์ ทั้งหมดนี้เพื่อให้ลูกจ้างได้รับการรักษาอย่างเพียงพอและลดภาระจากการเจ็บป่วยที่เกี่ยวข้องกับการทำงาน | I24: Implemented | J24: จริง | K24: สื่อสารผ่าน e-smart/ idoc | L24: Active | M24: 3
A25: กฎกระทรวง | B25: 24 | C25: กฎหมายคุ้มครองแรงงาน | E25: กฎกระทรวง กำหนดอัตราค่าทำศพที่ให้นายจ้างจ่าย พ.ศ. 2565 | F25: 44749 | G25: https://www.sso.go.th/wpr/assets/upload/files_storage/sso_th/35959cbcd4d03cb4a672596e54f9a9f8.pdf | H25: กฎกระทรวงฉบับนี้กำหนดให้นายจ้างจ่ายค่าทำศพให้แก่ผู้จัดการศพของลูกจ้างที่เสียชีวิตจากการทำงานหรือในขณะปฏิบัติงาน โดยให้อัตราการจ่ายเป็นไปตามที่กระทรวงกำหนดในแต่ละช่วงเวลา ทั้งนี้ประกาศฉบับใหม่นี้มีผลยกเลิกกฎกระทรวงฉบับเก่าปี พ.ศ. 2563 และให้ใช้บังคับกับกรณีที่ลูกจ้างเสียชีวิตตั้งแต่วันที่ 9 ธันวาคม 2564 เป็นต้นไป เพื่อให้สอดคล้องกับภาระค่าครองชีพและสภาพเศรษฐกิจในปัจจุบัน | I25: Implemented | J25: จริง | K25: สื่อสารผ่าน e-smart/ idoc | L25: Active | M25: 3
A26: กฎกระทรวง | B26: 25 | C26: กฎหมายคุ้มครองแรงงาน | D26: 142482 | E26: กฎกระทรวง กำหนดหลักเกณฑ์และอัตราการได้รับประโยชน์ทดแทนในการว่างงาน พ.ศ. 2547 | F26: 6/30/2022 | G26: https://ratchakitcha.soc.go.th/documents/142482.pdf | H26: กฎกระทรวงฉบับนี้กำหนดหลักเกณฑ์และอัตราที่ผู้ประกันตนจะได้รับเงินทดแทนในกรณีว่างงาน โดยมีสิทธิตามมาตรา 33 และ 39 ของพระราชบัญญัติประกันสังคม ได้แก่ ได้รับเงินชดเชยร้อยละ 50 ของค่าจ้างรายวัน ครั้งหนึ่งไม่เกิน 180 วันต่อปี หรือร้อยละ 30 ในกรณีลาออกหรือสิ้นสุดสัญญาจ้าง ครั้งหนึ่งไม่เกิน 90 วันต่อปี ทั้งนี้หากไม่ได้ทำงานอีกภายในช่วงเวลากำหนดยังสามารถขอต่อสิทธิได้ในปีถัดไป ผู้ว่างงานต้องรายงานตัวตามที่กำหนดและต้องไม่ได้มีงานทำหรือมีรายได้จากแหล่งอื่นจึงจะได้รับเงินประโยชน์ทดแทน | I26: Implemented | J26: จริง | K26: สื่อสารผ่าน e-smart/ idoc | L26: Active | M26: 3
A27: กฎกระทรวง | B27: 26 | C27: กฎหมายประกันสังคม | D27: 2096789 | E27: กฎกระทรวง การได้รับประโยชน์ทดแทนในการขาดรายได้กรณีเหตุสุดวิสัย พ.ศ. 2560 | F27: 1/17/2017 | G27: https://ratchakitcha.soc.go.th/documents/2096789.pdf | H27: กฎกระทรวงฉบับนี้กำหนดให้ผู้ประกันตนสามารถขอรับเงินทดแทนรายได้ในกรณีเหตุสุดวิสัย เช่น โรคระบาด อัคคีภัย หรือภัยพิบัติอื่นที่อยู่นอกเหนือการควบคุม ทำให้ไม่สามารถไปทำงานได้ตามปกติ โดยมีเงื่อนไขว่าต้องไม่ได้รับค่าจ้างจากนายจ้างในช่วงเวลานั้น และนายจ้าง และ/หรือหน่วยงานราชการต้องออกหนังสือรับรองเหตุสุดวิสัย ผู้ประกันตนสามารถยื่นคำร้องขอรับสิทธิได้ตามแบบที่กำหนดเพื่อรับเงินชดเชยในช่วงเวลาที่ขาดรายได้ | I27: Implemented | J27: จริง | K27: e-smart / I-Document | L27: Active | M27: 3
A28: กฎกระทรวง | B28: 27 | C28: กฎหมายประกันสังคม | D28: 54513 | E28: กฎกระทรวง การจ่ายประโยชน์ทดแทนในกรณีสงเคราะห์บุตร (ฉบับที่ 3) พ.ศ. 2567 | F28: 12/26/2024 | G28: https://ratchakitcha.soc.go.th/documents/54513.pdf | H28: กฎกระทรวงฉบับนี้แก้ไขเพิ่มเติมอัตราการจ่ายเงินสงเคราะห์บุตรให้แก่ผู้ประกันตน โดยกำหนดให้ได้รับเงินเดือนละ 1,000 บาท ต่อบุตรหนึ่งคน ซึ่งเป็นการแก้ไขจากฉบับเดิมเพื่อให้สอดคล้องกับค่าครองชีพที่เพิ่มขึ้น และสนับสนุนภาระค่าใช้จ่ายในการเลี้ยงดูบุตรของผู้ประกันตน | I28: Implemented | J28: จริง | K28: สื่อสารผ่าน e-smart/ idoc | L28: Active | M28: 3
A29: กฎกระทรวง | B29: 28 | C29: กฎหมายประกันสังคม | D29: 62636 | E29: ประกาศสำนักงานประกันสังคม เรื่อง กำหนดผลประโยชน์บำเน็จเงินชราภาพของผู้ประกันตนตามมาตรา 33 และมาตรา 39 | F29: 2/24/2022 | G29: https://ratchakitcha.soc.go.th/documents/62636.pdf | H29: ประกาศนี้กำหนดอัตราและวิธีการจ่ายเงินบำเน็จเงินชราภาพให้แก่ผู้ประกันตนที่เข้าเงื่อนไขตามกฎหมาย โดยให้นำเงินสมทบของผู้ประกันตนมาพิจารณาเป็นหลักในการคำนวณผลตอบแทน ทั้งนี้เพื่อความเหมาะสมกับสภาวะเศรษฐกิจและค่าใช้จ่ายในการดำรงชีพ รวมถึงเปิดโอกาสให้สำนักงานประกันสังคมสามารถปรับอัตราตามความจำเป็นโดยประกาศเพิ่มเติมได้ | I29: Implemented | J29: จริง | K29: สื่อสารผ่าน e-smart/ idoc | L29: Active | M29: 3
A30: กฎกระทรวง | B30: 29 | C30: กฎหมายประกันสังคม | E30: ประกาศกระทรวงแรงงาน เรื่อง หลักเกณณ์และวิธีการเรียกหรือรับหลักประกันการทำงานหรือหลักประกันความเสียหายในการทำงานจากลูกจ้าง พ.ศ. 2541 | F30: 39545 | G30: https://legal.labour.go.th/images/law/Protection2541/law10072551_1.pdf | H30: ประกาศฉบับนี้ออกตามพระราชบัญญัติคุ้มครองแรงงาน พ.ศ. 2541 เพื่อกำหนดให้สถานประกอบกิจการจัดให้มีการฝึกอบรมก่อนเริ่มงาน สำหรับงานที่อาจมีอันตรายหรือมีความเสี่ยง เช่น งานเกี่ยวกับไฟฟ้า เครื่องจักร หรือสารเคมี โดยเน้นให้ลูกจ้างได้รับความรู้ ความเข้าใจเกี่ยวกับความปลอดภัย วิธีปฏิบัติงาน การใช้อุปกรณ์ และมาตรการป้องกันอุบัติเหตุอย่างเหมาะสม นายจ้างต้องจัดฝึกอบรมด้วยวิธีการที่เข้าใจง่าย สื่อสารได้ผล และจัดทำบันทึกหลักฐานไว้เพื่อการตรวจสอบ ทั้งนี้เพื่อส่งเสริมสภาพการทำงานที่ปลอดภัย ลดอุบัติเหตุ และสร้างวัฒนธรรมความปลอดภัยในที่ทำงาน. | I30: Implemented | J30: จริง | K30: สื่อสารผ่าน e-smart/ idoc | L30: Active | M30: 3
A31: ประกาศกรมสวัสดิการ | B31: 30 | C31: กฎหมายคุ้มครองแรงงาน | E31: ประกาศกรมสวัสดิการและคุ้มครองแรงงาน เรื่อง การรับสำเนาข้อบังคับเกี่ยวกับการทำงาน | F31: 2/18/2016 | G31: https://legal.labour.go.th/images/law/Protection2541/notifications_0006.pdf | H31: ประกาศกรมสวัสดิการและคุ้มครองแรงงานฉบับนี้แจ้งว่า ตามพระราชบัญญัติคุ้มครองแรงงาน พ.ศ. 2541 มาตรา 108 กำหนดให้นายจ้างที่มีลูกจ้างตั้งแต่สิบคนขึ้นไปต้องจัดให้มีข้อบังคับเกี่ยวกับการทำงานและส่งสำเนาให้อธิบดีหรือผู้ซึ่งอธิบดีมอบหมายภายใน 7 วันนับแต่วันประกาศใช้ข้อบังคับ รวมถึงกรณีแก้ไขเพิ่มเติมข้อบังคับก็ต้องประกาศและส่งสำเนาภายใน 7 วันเช่นกัน โดยนายจ้างสามารถส่งสำเนาข้อบังคับได้ด้วยตนเอง ทางไปรษณีย์ โทรสาร หรือทางสื่ออิเล็กทรอนิกส์ตามประกาศหลักเกณฑ์และวิธีการส่งสำเนาข้อบังคับเกี่ยวกับการทำงานทางสื่ออิเล็กทรอนิกส์ ลงวันที่ 18 กุมภาพันธ์ พ.ศ. 2559 | I31: Implemented | J31: จริง | K31: สื่อสารผ่าน e-smart/ idoc | L31: Active | M31: 3
A32: ประกาศกรมสวัสดิการ | B32: 31 | C32: กฎหมายคุ้มครองแรงงาน | E32: ประกาศกรมสวัสดิการและคุ้มครองแรงงาน เรื่อง หลักเกณฑ์และวิธีการส่งสำเนาข้อบังคับเกี่ยวกับการทำงานทางสื่ออิเล็กทรอนิกส์ | F32: 2/18/2016 | G32: https://legal.labour.go.th/images/law/Protection2541/notifications_0007.pdf | H32: ประกาศกรมสวัสดิการและคุ้มครองแรงงานฉบับนี้กำหนดหลักเกณฑ์และวิธีการส่งสำเนาข้อบังคับเกี่ยวกับการทำงานทางสื่ออิเล็กทรอนิกส์ ตามพระราชบัญญัติคุ้มครองแรงงาน พ.ศ. 2541 มาตรา 108 และมาตรา 110 โดยนายจ้างสามารถลงทะเบียนเพื่อส่งสำเนาข้อบังคับการทำงานผ่านระบบอิเล็กทรอนิกส์ได้ที่เว็บไซต์กรมสวัสดิการและคุ้มครองแรงงาน (www.labour.go.th) ซึ่งนายจ้างต้องลงทะเบียนผู้ใช้งาน (User ID) และรหัสผ่าน (password) และปฏิบัติตามขั้นตอนที่กำหนด โดยเมื่อดำเนินการแล้วจะถือว่านายจ้างได้ปฏิบัติถูกต้องตามกฎหมาย ประกาศ ณ วันที่ 18 กุมภาพันธ์ พ.ศ. 2559 | I32: Implemented | J32: จริง | K32: สื่อสารผ่าน e-smart/ idoc | L32: Active | M32: 3
A33: ประกาศกรมสวัสดิการ | B33: 32 | C33: กฎหมายคุ้มครองแรงงาน | E33: ประกาศกรมสวัสดิการและคุ้มครองแรงงาน เรื่อง แบบแสดงสภาพการจ้างและสภาพการทำงานของสถานประกอบกิจการประจำปี | F33: 11/17/2016 | G33: https://legal.labour.go.th/images/law/Protection2541/S11-17112564.pdf | H33: ประกาศกรมสวัสดิการและคุ้มครองแรงงานฉบับนี้กำหนดให้มีการปรับปรุงแบบแสดงสภาพการจ้างและสภาพการทำงานของสถานประกอบกิจการประจำปี (แบบ คร.11) เพื่อให้สอดคล้องกับรูปแบบของการจ้างและการทำงานในปัจจุบัน โดยอาศัยอำนาจตามมาตรา 115/1 แห่งพระราชบัญญัติคุ้มครองแรงงาน พ.ศ. 2541 ซึ่งแก้ไขเพิ่มเติมโดยพระราชบัญญัติคุ้มครองแรงงาน (ฉบับที่ 2) พ.ศ. 2551 และให้ยกเลิกประกาศเดิมเรื่องเดียวกันลงวันที่ 22 ตุลาคม พ.ศ. 2555 โดยประกาศฉบับนี้มีผลบังคับใช้ตั้งแต่วันถัดจากวันประกาศในราชกิจจานุเบกษาเป็นต้นไป ประกาศ ณ วันที่ 17 พฤศจิกายน พ.ศ. 2565 | I33: Implemented | J33: จริง | K33: สื่อสารผ่าน e-smart/ idoc | L33: Active | M33: 3
A34: ประกาศกรมสวัสดิการ | B34: 33 | C34: กฎหมายคุ้มครองแรงงาน | D34: 1707439 | E34: ประกาศกรมสวัสดิการและคุ้มครองแรงงาน เรื่อง หลักเกณฑ์และวิธีการในการเลือกตั้งคณะกรรมการสวัสดิการในสถานประกอบกิจการ | F34: 8/19/1998 | G34: https://ratchakitcha.soc.go.th/documents/1707439.pdf | H34: ประกาศฉบับนี้กำหนดหลักเกณฑ์และวิธีการเลือกตั้งคณะกรรมการสวัสดิการในสถานประกอบกิจการให้มีความเป็นระบบและเป็นธรรม โดยมีผลใช้บังคับตั้งแต่วันที่ 18 สิงหาคม 2548 เป็นต้นไป นายจ้างต้องจัดให้มีการเลือกตั้งคณะกรรมการสวัสดิการหากมีลูกจ้างครบ 50 คนขึ้นไป และให้มีคณะกรรมการดำเนินการเลือกตั้งที่มาจากการแต่งตั้งโดยนายจ้างร่วมกับผู้แทนลูกจ้าง ทั้งนี้เพื่อให้ลูกจ้างมีส่วนร่วมในการจัดสวัสดิการที่เหมาะสมภายในสถานประกอบกิจการ. | I34: Implemented | J34: จริง | K34: สื่อสารผ่าน e-smart/ idoc | L34: Active | M34: 3
A35: ประกาศกรมสวัสดิการ | B35: 34 | C35: กฎหมายคุ้มครองแรงงาน | E35: ประกาศกรมสวัสดิการและคุ้มครองแรงงาน เรื่อง หลักเกณฑ์และวิธีการเลือกตั้งคณะกรรมการสวัสดิการในสถานประกอบกิจการโดยวิธีการทางอิเล็กทรอนิกส์ | F35: 44238 | G35: https://legal.labour.go.th/images/law/Protection2541/T_0047.pdf | H35: ประกาศกรมสวัสดิการและคุ้มครองแรงงานฉบับนี้กำหนดหลักเกณฑ์และวิธีการเลือกตั้งคณะกรรมการสวัสดิการในสถานประกอบกิจการโดยวิธีการทางอิเล็กทรอนิกส์ เพื่อให้สอดคล้องกับเทคโนโลยีที่เปลี่ยนแปลงไปและเป็นทางเลือกแก่นายจ้างในการจัดให้มีคณะกรรมการสวัสดิการ โดยอาศัยอำนาจตามมาตรา 36 วรรคสอง แห่งพระราชบัญญัติคุ้มครองแรงงาน พ.ศ. 2541 กำหนดให้นายจ้างสามารถจัดการเลือกตั้งแต่งตั้งคณะกรรมการได้ด้วยตนเองหรือผ่านอิเล็กทรอนิกส์ และต้องแจ้งให้ลูกจ้างทราบล่วงหน้าไม่น้อยกว่า 7 วัน โดยมีข้อกำหนดเกี่ยวกับการลงทะเบียน วิธีการอุทธรณ์ การดำเนินการเลือกตั้ง และการยื่นคำร้องต่างๆ ตามประกาศนี้ | I35: Implemented | J35: จริง | K35: สื่อสารผ่าน e-smart/ idoc | L35: Active | M35: 3
A36: ประกาศกรมสวัสดิการ | B36: 35 | C36: กฎหมายคุ้มครองแรงงาน | E36: ประกาศกรมสวัสดิการและคุ้มครองแรงงาน เรื่อง กำหนดแบบแจ้งการจ้าง แบบบันทึกการเปลี่ยนแปลงสภาพการจ้างและแบบแจ้งการสิ้นสุดการจ้างลูกจ้างซึ่งเป็นเด็กอายุต่ำกว่าสิบแปดปี | F36: 11/22/2015 | G36: https://legal.labour.go.th/images/law/Protection2541/notifications_0005.pdf | H36: ประกาศฉบับนี้กำหนดให้สถานประกอบกิจการต้องใช้แบบฟอร์มมาตรฐานในการแจ้งการจ้าง การเปลี่ยนแปลงสภาพการจ้าง และการสิ้นสุดการจ้าง สำหรับลูกจ้างที่เป็นเด็กอายุต่ำกว่า 18 ปี เพื่อให้เป็นไปตามพระราชบัญญัติคุ้มครองแรงงาน พ.ศ. 2541 และเพื่อให้การคุ้มครองแรงงานเด็กมีประสิทธิภาพมากขึ้น โดยให้ใช้แบบ คร. 2, คร. 3 และ คร. 4 ตามลำดับ | I36: Implemented | J36: จริง | K36: สื่อสารผ่าน e-smart/ idoc | L36: Active | M36: 3
A37: ประกาศกรมสวัสดิการ | B37: 36 | C37: กฎหมายคุ้มครองแรงงาน | E37: ประกาศกรมสวัสดิการและคุ้มครองแรงงาน เรื่อง หลักเกณฑ์ และวิธีการแจ้งการจ้างซึ่งเป็นเด็กอายุต่ำกว่าสิบแปดปี และการแจ้งสิ้นสุดการจ้างลูกจ้างซึ่งเป็นเด็กอายุต่ำกว่าสิบแปดปีทางอิเล็กทรอนิกส์ | F37: 7/18/2017 | G37: https://legal.labour.go.th/images/law/Protection2541/notifications_0010.pdf | H37: ประกาศนี้กำหนดให้นายจ้างที่จ้างหรือเลิกจ้างแรงงานเด็กอายุต่ำกว่า 18 ปี ต้องแจ้งข้อมูลผ่านระบบอิเล็กทรอนิกส์ตามแบบที่กำหนดภายในระยะเวลาที่กำหนด โดยสามารถดำเนินการผ่านเว็บไซต์ของกรมสวัสดิการและคุ้มครองแรงงาน (https://eservice.labour.go.th/) เพื่อให้การดูแลและติดตามการทำงานของแรงงานเด็กเป็นไปอย่างมีประสิทธิภาพและสอดคล้องกับกฎหมายแรงงาน โดยการแจ้งข้อมูลจะครอบคลุมทั้งกรณีเริ่มจ้าง สิ้นสุดการจ้าง รวมถึงการเปลี่ยนแปลงที่เกี่ยวข้อง เพื่อให้หน่วยงานที่เกี่ยวข้องสามารถดำเนินมาตรการคุ้มครองแรงงานเด็กได้อย่างเหมาะสมและทันเวลา | I37: Implemented | J37: จริง | K37: สื่อสารผ่าน e-smart/ idoc | L37: Active | M37: 3
A38: ประกาศกรมสวัสดิการ | B38: 37 | C38: กฎหมายคุ้มครองแรงงาน | E38: ประกาศกรมสวัสดิการและคุ้มครองแรงงาน เรื่อง หลักเกณฑ์ และวิธีการให้นายจ้างแจ้งหยุดกิจการชั่วคราวทางสื่ออิเล็กทรอนิกส์ | F38: 3/27/2020 | G38: https://legal.labour.go.th/images/law/other/1/27032563.pdf | H38: ประกาศนี้ให้สิทธิ์นายจ้างที่หยุดกิจการชั่วคราวตามมาตรา 75 ของ พ.ร.บ.คุ้มครองแรงงาน พ.ศ. 2541 สามารถแจ้งเหตุผ่านช่องทางอิเล็กทรอนิกส์ เช่น อีเมล หรือเว็บไซต์ของกรมสวัสดิการฯ แทนการยื่นด้วยตนเอง เพื่อเพิ่มความสะดวก ลดภาระงาน และสนับสนุนการดำเนินงานในช่วงภาวะฉุกเฉินหรือสถานการณ์พิเศษ ให้เป็นไปตามนโยบายรัฐด้านการบริหารราชการแบบดิจิทัลอย่างมีประสิทธิภาพ | I38: Implemented | J38: จริง | K38: สื่อสารผ่าน e-smart/ idoc | L38: Active | M38: 3
A39: ประกาศคณะกรรมการค่าจ้าง | B39: 38 | C39: กฎหมายคุ้มครองแรงงาน | D39: 55781 | E39: ประกาศคณะกรรมการค่าจ้าง เรื่อง อัตราค่าจ้างขั้นต่ำ (ฉบับที่ 13) | F39: 12/27/2024 | G39: https://ratchakitcha.soc.go.th/documents/55781.pdf | H39: ประกาศคณะกรรมการค่าจ้างฉบับนี้ออกตามความในพระราชบัญญัติคุ้มครองแรงงาน พ.ศ. 2541 โดยมีสาระสำคัญคือ กำหนดอัตราค่าจ้างขั้นต่ำเป็นรายวันแยกตามจังหวัดต่างๆ ทั่วประเทศ ตั้งแต่ 465 - 368 บาท โดยจังหวัดที่มีค่าจ้างขั้นต่ำสูงสุด 465 บาท ได้แก่ กรุงเทพมหานคร นนทบุรี ปทุมธานี สมุทรปราการ และสมุทรสาคร ส่วนจังหวัดที่มีค่าจ้างขั้นต่ำต่ำสุด 368 บาท ได้แก่ จังหวัดชายแดนภาคใต้ เช่น นราธิวาส ปัตตานี และยะลา รวมถึงกำหนดให้นายจ้างจ่ายค่าจ้างให้ลูกจ้างไม่ต่ำกว่าอัตราค่าจ้างขั้นต่ำที่กำหนดนี้ ทั้งนี้ให้ประกาศฉบับนี้มีผลบังคับใช้ตั้งแต่วันที่ 1 มกราคม 2568 เป็นต้นไป | I39: Implemented | J39: จริง | K39: สื่อสารผ่าน e-smart/ idoc / สัญญาว่าจ้างแรงงาน / แบบเปลี่ยนแปลงสถานะภาพ | L39: Active | M39: 3
A40: ประกาศคณะกรรมการส่งเสริมการพัฒนาฝีมือแรงงาน | B40: 39 | C40: กฎหมายพัฒนาฝีมือแรงงาน | E40: ประกาศคณะกรรมการส่งเสริมการพัฒนาฝีมือแรงงาน เรื่อง มาตรฐานฝีมือแรงงานแห่งชาติ สาขาอาชีพช่างไฟฟ้า อิเล็กทรอนิกส์และคอมพิวเตอร์ สาขาช่างไฟฟ้าภายในอาคาร | F40: 43680 | G40: https://idev.dsd.go.th/~law/qr1/01%20%A1%AE%CB%C1%D2%C2%B7%D5%E8%E0%A1%D5%E8%C2%C7%A2%E9%CD%A7%A1%D1%BA%A1%D2%C3%BE%D1%B2%B9%D2%BD%D5%C1%D7%CD%E1%C3%A7%A7%D2%B9/%BB%C3%D0%A1%D2%C8/%BB%C3%D0%A1%D2%C8%A4%B3%D0%A1%C3%C3%C1%A1%D2%C3%CA%E8%A7%E0%CA%C3%D4%C1%20%C1%D2%B5%C3%B0%D2%B9%CA%D2%A2%D2%AA%E8%D2%A7%E4%BF%BF%E9%D2%C0%D2%C2%E3%B9%CD%D2%A4%D2%C3.pdf | H40: ประกาศฉบับนี้กำหนดมาตรฐานฝีมือแรงงานแห่งชาติในสาขาช่างไฟฟ้าภายในอาคาร เพื่อใช้เป็นแนวทางในการทดสอบความรู้ ทักษะ และสมรรถนะของแรงงานให้มีมาตรฐานสอดคล้องกับความต้องการของสถานประกอบกิจการ โดยครอบคลุมเนื้อหาที่เกี่ยวกับระบบไฟฟ้าในอาคาร การติดตั้งระบบไฟฟ้าอย่างปลอดภัย การใช้เครื่องมือและการอ่านแบบทางไฟฟ้า รวมถึงการปฏิบัติงานตามกฎกระทรวงและมาตรฐานความปลอดภัย โดยผู้ผ่านการประเมินตามมาตรฐานนี้จะได้รับการรับรองความรู้ความสามารถในระดับชาติ ซึ่งสามารถนำไปใช้ในการประกอบวิชาชีพหรือยื่นขอรับสิทธิประโยชน์ตามกฎหมายได้ | I40: Implemented | J40: จริง | K40: สื่อสารผ่าน e-smart/ idoc / ใบประกาศรับรองผ่านการทดสอบมาตรฐานแรงงาน | L40: Active | M40: 3
A41: ประกาศคณะกรรมการส่งเสริมการพัฒนาฝีมือแรงงาน | B41: 40 | C41: กฎหมายพัฒนาฝีมือแรงงาน | E41: ประกาศคณะกรรมการส่งเสริมการพัฒนาฝีมือแรงงาน เรื่อง วิธีการทดสอบมาตรฐานฝีมือแรงงาน และการออกหนังสือรับรองว่าเป็นผู้ผ่านการทดสอบมาตรฐานฝีมือแรงงานแห่งชาติ สาขาอาชีพช่างไฟฟ้า อิเล็กทรอนิกส์และคอมพิเตอร์สาขาไฟฟ้าภายในอาคาร ระดับ 1 | F41: 43680 | G41: https://idev.dsd.go.th/~law/qr1/01%20%A1%AE%CB%C1%D2%C2%B7%D5%E8%E0%A1%D5%E8%C2%C7%A2%E9%CD%A7%A1%D1%BA%A1%D2%C3%BE%D1%B2%B9%D2%BD%D5%C1%D7%CD%E1%C3%A7%A7%D2%B9/%BB%C3%D0%A1%D2%C8/%BB%C3%D0%A1%D2%C8%A4%B3%D0%A1%C3%C3%C1%A1%D2%C3%CA%E8%A7%E0%CA%C3%D4%C1%20%C7%D4%B8%D5%B7%B4%CA%CD%BA%C1%B0-%AA%E8%D2%A7%E4%BF%BF%E9%D2%C0%D2%C2%E3%B9%CD%D2%A4%D2%C3-%C3%D0%B4%D1%BA-1.pdf | H41: ประกาศฉบับนี้กำหนดเนื้อหาวิชาความรู้และทักษะที่จำเป็นสำหรับผู้เข้าทดสอบมาตรฐานฝีมือแรงงานระดับชาติในสายงานช่างไฟฟ้าภายในอาคาร ครอบคลุมทั้งภาคทฤษฎีและภาคปฏิบัติ โดยเนื้อหาทฤษฎีเน้นเรื่องความรู้ความสามารถเกี่ยวกับหลักการเดินสายไฟ การติดตั้งอุปกรณ์ไฟฟ้า การควบคุมระบบ และความปลอดภัย ส่วนเกณฑ์การตัดสินใช้ระบบคะแนนจากภาคทฤษฎีและภาคปฏิบัติรวมกัน เพื่อให้แน่ใจว่าผู้ผ่านการประเมินมีความสามารถครบถ้วนตามเกณฑ์มาตรฐานที่กำหนด และสามารถนำผลการประเมินไปใช้ในการประกอบอาชีพหรือขอรับรองความสามารถอย่างเป็นทางการ | I41: Implemented | J41: จริง | K41: สื่อสารผ่าน e-smart/ idoc / ใบประกาศรับรองผ่านการทดสอบมาตรฐานแรงงาน | L41: Active | M41: 3
A42: ประกาศคณะกรรมการส่งเสริมการพัฒนาฝีมือแรงงาน | B42: 41 | C42: กฎหมายพัฒนาฝีมือแรงงาน | E42: ประกาศคณะกรรมการส่งเสริมการพัฒนาฝีมือแรงงาน เรื่อง กำหนดเกณฑ์ระดับคะแนนความรู้ความสามารถ และกำหนดอัตราค่าธรรมเนียมการประเมินความรู้ความสามารถของผู้ขอรับรองความรู้ความสามารถ สาขาอาชีพช่างไฟฟ้า อิเล็กทรอนิกส์และคอมพิวเตอร์ สาขาช่างไฟฟ้าภายในอาคาร | F42: 1/14/2021 | G42: https://idev.dsd.go.th/~law/qr1/01%20%A1%AE%CB%C1%D2%C2%B7%D5%E8%E0%A1%D5%E8%C2%C7%A2%E9%CD%A7%A1%D1%BA%A1%D2%C3%BE%D1%B2%B9%D2%BD%D5%C1%D7%CD%E1%C3%A7%A7%D2%B9/%BB%C3%D0%A1%D2%C8/%BB%C3%D0%A1%D2%C8%A4%B3%D0%A1%C3%C3%C1%A1%D2%C3%CA%E8%A7%E0%CA%C3%D4%C1%A1%D2%C3%BE%D1%B2%B9%D2%BD%D5%C1%D7%CD%E1%C3%A7%A7%D2%B9%20%E0%C3%D7%E8%CD%A7%A8%D3%E1%B9%A1%E1%C5%D0%A1%D3%CB%B9%B4%C3%D0%B4%D1%BA%A4%C7%D2%C1%C3%D9%E9%A4%C7%D2%C1%CA%D2%C1%D2%C3%B6%20%CA%D2%A2%D2%AA%E8%D2%A7%E4%BF%BF%E9%D2%C0%D2%C2%E3%B9%CD%D2%A4%D2%C3.PDF | H42: ประกาศฉบับนี้กำหนดเกณฑ์การประเมินความรู้ความสามารถของผู้ขอรับรองมาตรฐานฝีมือแรงงานแห่งชาติในสาขาช่างไฟฟ้าภายในอาคาร โดยผู้ผ่านการประเมินต้องมีคะแนนความรู้ความสามารถรวมไม่ต่ำกว่าร้อยละ 75 แบ่งเป็นภาคความรู้ (ร้อยละ 60) และภาคความสามารถ (ร้อยละ 80) นอกจากนี้ยังระบุอัตราค่าธรรมเนียมในการขอรับรอง โดยเก็บค่าธรรมเนียม 100 บาทสำหรับการสมัครสอบ และ 200 บาทสำหรับการออกหนังสือรับรอง ทั้งนี้เพื่อให้การรับรองเป็นไปอย่างโปร่งใส สอดคล้องกับมาตรฐานกลาง และสร้างแรงจูงใจให้แรงงานมีคุณภาพและได้รับการยอมรับในวิชาชีพ | I42: Implemented | J42: จริง | K42: สื่อสารผ่าน e-smart/ idoc / ใบประกาศรับรองผ่านการทดสอบมาตรฐานแรงงาน | L42: Active | M42: 3
A43: พระราชบัญญัติ | B43: 42 | C43: กฎหมายคุ้มครองแรงงาน | D43: 89818 | E43: พระราชบัญญัติคุ้มครองแรงงาน (ฉบับที่ ๙) พ.ศ. ๒๕๖๘ | F43: 45849 | G43: https://ratchakitcha.soc.go.th/documents/89818.pdf | H43: พระราชบัญญัติคุ้มครองแรงงาน (ฉบับที่ ๙) พ.ศ. ๒๕๖๘ มีเจตนารมณ์เพื่อปรับปรุงบทบัญญัติให้สอดคล้องกับสภาพเศรษฐกิจและสังคมที่เปลี่ยนแปลงไป โดยมุ่งคุ้มครองแรงงานให้ได้รับสิทธิประโยชน์ที่เป็นธรรมและเหมาะสมกับสภาวะการทำงานในปัจจุบัน ทั้งในภาครัฐ รัฐวิสาหกิจ องค์กรทางศาสนา และภาคเอกชน เน้นส่งเสริมคุณภาพชีวิตและสมดุลระหว่างการทำงานกับชีวิตส่วนตัวของลูกจ้าง เช่น การเพิ่มสิทธิวันหยุด การลาป่วย การลาเพื่อกิจส่วนตัว และการลาคลอด รวมถึงให้มีการจัดทำรูปแบบการแสดงสภาพการจ้างที่โปร่งใสและตรวจสอบได้ เพื่อให้ลูกจ้างได้รับความมั่นคง ความปลอดภัย และการปฏิบัติอย่างเป็นธรรมตามหลักคุ้มครองแรงงานยุคใหม่ | I43: Implemented | J43: จริง | K43: ข้อบังคับการทำงาน / คู่มือการจัดการมาตรฐานแรงงานไทย / คู่มือปฏิบัติงาน | L43: Active | M43: 3
A44: ประกาศกรมสวัสดิการและคุ้มครองแรงงาน | B44: 43 | C44: กฎหมายคุ้มครองแรงงาน | D44: 99330 | E44: ประกาศกรมสวัสดิการและคุ้มครองแรงงาน เรื่อง หลักเกณฑ์ และวิธีการยื่นแบบแสดงภาพการจ้างและสภาพการทำงานต่อพนักงานตรวจแรงงานตามมาตรา 115/1 แห่งพระราชบัญญัติคุ้มครองแรงงาน พ.ศ. 2541 แก้ไขเพิ่มเติมโดยพระราชบัญญัติคุ้มครองแรงงาน (ฉบับที่ 9) พ.ศ. 2568 | F44: 12/26/2025 | G44: https://ratchakitcha.soc.go.th/documents/99330.pdf | H44: ประกาศกรมสวัสดิการและคุ้มครองแรงงานฉบับนี้ออกตามอำนาจแห่งพระราชบัญญัติคุ้มครองแรงงาน เพื่อกำหนดหลักเกณฑ์และวิธีการยื่นแบบแสดงสภาพการจ้างและสภาพการทำงานของนายจ้างต่อพนักงานตรวจแรงงาน โดยกำหนดให้นายจ้างต้องจัดทำและยื่นแบบดังกล่าวตามแบบและระยะเวลาที่อธิบดีกำหนด ทั้งนี้ให้ดำเนินการยื่นผ่านระบบบริการอิเล็กทรอนิกส์ (e-Service) ของกรมสวัสดิการและคุ้มครองแรงงานเป็นหลัก และในกรณีที่ไม่สามารถยื่นผ่านระบบได้ ให้ยื่นต่อสำนักงานสวัสดิการและคุ้มครองแรงงานกรุงเทพมหานครพื้นที่ หรือสำนักงานสวัสดิการและคุ้มครองแรงงานจังหวัด โดยมีวัตถุประสงค์เพื่อให้การรายงานข้อมูลด้านการจ้างงานเป็นไปอย่างเป็นระบบ สะดวก โปร่งใส และสนับสนุนการบังคับใช้กฎหมายคุ้มครองแรงงานอย่างมีประสิทธิภาพ | I44: Implemented | J44: จริง | K44: แบบแสดงสภาพการจ้างและสภาพการทำงาน / e-service ( Labour.go.th ) | L44: Active | M44: 3
A45: ประกาศกรมสวัสดิการและคุ้มครองแรงงาน | B45: 44 | C45: กฎหมายคุ้มครองแรงงาน | D45: 99336 | E45: ประกาศกรมสวัสดิการและคุ้มครองแรงงาน เรื่อง แบบแสดงสภาพการจ้างและสภาพการทำงานของสถานประกอบกิจการประจำปี | F45: 12/24/2025 | G45: https://ratchakitcha.soc.go.th/documents/99336.pdf | H45: ประกาศกรมสวัสดิการและคุ้มครองแรงงานฉบับนี้ออกตามอำนาจแห่งพระราชบัญญัติคุ้มครองแรงงาน โดยมีวัตถุประสงค์เพื่อปรับปรุงประกาศเดิมว่าด้วยแบบแสดงสภาพการจ้างและสภาพการทำงานของสถานประกอบกิจการประจำปี ให้สอดคล้องกับรูปแบบการจ้างงานและลักษณะการทำงานของสถานประกอบกิจการในปัจจุบัน ทั้งนี้ได้กำหนดให้ใช้แบบแสดงสภาพการจ้างและสภาพการทำงานฉบับใหม่แทนแบบเดิม ตั้งแต่วันที่ 17 พฤศจิกายน พ.ศ. 2564 เป็นต้นไป เพื่อให้การรายงานข้อมูลด้านแรงงานมีความถูกต้อง ครบถ้วน เป็นมาตรฐานเดียวกัน และเอื้อต่อการตรวจแรงงานและการคุ้มครองสิทธิแรงงานอย่างมีประสิทธิภาพ | I45: Implemented | J45: จริง | K45: แบบแสดงสภาพการจ้างและสภาพการทำงานของสถานประกอบกิจการประจำปี / e-service ( labour.go.th ) | L45: Active | M45: 3
A46: กฎกระทรวง | B46: 45 | C46: กฎหมายประกันสังคม | D46: 98728 | E46: กฎกระทรวงกำหนดค่าจ้างขั้นต่ำและขั้นสูงที่ใช้เป็นฐานในการคำนวณเงินสมทบของผู้ประกันตนตามมาตรา 33 พ.ศ. 2568 | F46: 46003 | G46: https://ratchakitcha.soc.go.th/documents/98728.pdf | H46: กฎกระทรวงฉบับนี้ออกตามอำนาจแห่งพระราชบัญญัติประกันสังคม เพื่อกำหนดและปรับปรุงค่าจ้างขั้นต่ำและค่าจ้างขั้นสูงที่ใช้เป็นฐานในการคำนวณเงินสมทบเข้ากองทุนประกันสังคมของผู้ประกันตนตามมาตรา 33 โดยมีเหตุผลสำคัญจากความจำเป็นในการปรับฐานการคำนวณเงินสมทบให้เหมาะสมและสอดคล้องกับสภาพเศรษฐกิจในปัจจุบัน อันจะทำให้ผู้ประกันตนได้รับประโยชน์ทดแทนเพิ่มขึ้นและมีความคุ้มครองทางสังคมที่เหมาะสมยิ่งขึ้น จึงจำเป็นต้องออกกฎกระทรวงฉบับนี้ | I46: Implemented | J46: จริง | K46: แบบทะเบียนรายได้ / หลักฐานการจ่ายค่าจ้าง | L46: Active | M46: 3
A47: ประกาศกระทรวง | B47: 46 | C47: กฎหมายประกันสังคม | D47: 98741 | E47: ประกาศกระทรวงแรงงาน เรื่อง ขยายกำหนดเวลาการยื่นแบบรายการแสดงการส่งเงินสมทบและการนำส่งเงินสมทบของนายจ้างและผู้ประกันตนในท้องที่ที่ประสบภัยพิบัติ พ.ศ. 2568 | F47: 12/15/2025 | G47: https://ratchakitcha.soc.go.th/documents/98741.pdf | H47: ประกาศกระทรวงแรงงานฉบับนี้มีวัตถุประสงค์เพื่อช่วยเหลือและบรรเทาความเดือดร้อนแก่นายจ้างและผู้ประกันตนที่อยู่ในท้องที่ประสบภัยพิบัติจากอุทกภัย ซึ่งกรมป้องกันและบรรเทาสาธารณภัย กระทรวงมหาดไทย ได้ประกาศเขตพื้นที่ประสบสาธารณภัยตั้งแต่ช่วงเดือนพฤศจิกายน พ.ศ. 2568 อันเป็นเหตุสุดวิสัยที่ส่งผลกระทบต่อการยื่นแบบรายการแสดงการส่งเงินสมทบและการนำส่งเงินสมทบตามกฎหมายประกันสังคม จึงเห็นสมควรขยายกำหนดเวลาตามมาตรา 39 วรรคสาม และมาตรา 47 วรรคสอง แห่งพระราชบัญญัติประกันสังคม พ.ศ. 2533 และที่แก้ไขเพิ่มเติม เพื่อให้สอดคล้องกับสภาพข้อเท็จจริงและลดภาระของผู้ที่ได้รับผลกระทบ | I47: Under Review | J47: จริง | K47: สื่อสารกับบุคลากรที่เกี่ยวข้อง / ทะเบียนรายได้ / หลักฐานการจ่ายค่าจ้าง | L47: Inactive | M47: 3
A48: ระเบียบสำนักงานประกันสังคม | B48: 47 | C48: กฎหมายประกันสังคม | D48: 97803 | E48: ระเบียบสำนักงานประกันสังคม ว่าด้วยการขอรับประโยชน์ทดแทน พ.ศ. 2568 | F48: 12/19/2025 | G48: https://ratchakitcha.soc.go.th/documents/97803.pdf | H48: ระเบียบสำนักงานประกันสังคมฉบับนี้จัดทำขึ้นเพื่อปรับปรุงระเบียบว่าด้วยการขอรับประโยชน์ทดแทนให้สอดคล้องกับสภาพการณ์ในปัจจุบัน โดยมุ่งเพิ่มความสะดวกและเข้าถึงสิทธิของผู้ประกันตนและผู้มีสิทธิให้มากยิ่งขึ้น ผ่านการเพิ่มช่องทางการยื่นคำขอรับประโยชน์ทดแทนด้วยวิธีการทางอิเล็กทรอนิกส์ อันเป็นการลดขั้นตอนและภาระด้านเอกสาร ส่งเสริมประสิทธิภาพการให้บริการของสำนักงานประกันสังคม และสนับสนุนการบริหารจัดการด้านประกันสังคมให้มีความทันสมัยและเหมาะสมกับบริบททางสังคมและเทคโนโลยีในปัจจุบัน | I48: Implemented | J48: จริง | K48: สื่อสารบุคลากรเกี่ยวข้อง / ทะเบียนรายได้ / หลักฐานการจ่ายเงินค่าจ้าง | L48: Active | M48: 3
A49: ประกาศกระทรวง | B49: 48 | C49: กฎหมายจัดหางาน | D49: 98018 | E49: ประกาศกระทรวงแรงงาน เรื่อง การอนุญาตให้คนต่างด้าวทำงานในราชอาณาจักรเป็นกรณีพิเศษ สำหรับคนต่างด้าวสัญชาติลาว เมียนมา และเวียดนาม ตามมติคณะรัฐมนตรีเมื่อวันที่ 11 พฤศจิกายน 2568 | F49: 45973 | G49: https://ratchakitcha.soc.go.th/documents/98018.pdf | H49: ประกาศกระทรวงแรงงานฉบับนี้มีวัตถุประสงค์เพื่อแก้ไขปัญหาที่เกิดจากสถานการณ์ความไม่สงบและภาวะเศรษฐกิจของสาธารณรัฐแห่งสหภาพเมียนมา ซึ่งส่งผลให้คนต่างด้าวจำนวนมาก โดยเฉพาะสัญชาติลาว เมียนมา และเวียดนาม ลักลอบเข้ามาอยู่และทำงานในราชอาณาจักร หรือไม่สามารถเดินทางกลับประเทศต้นทางได้ รวมถึงกรณีที่เคยได้รับอนุญาตให้ทำงานอย่างถูกต้องแต่ภายหลังกลายเป็นผู้มีสถานะไม่ถูกต้องตามกฎหมาย เพื่อป้องกันและบรรเทาปัญหาการขาดแคลนแรงงาน อันกระทบต่อความมั่นคง เสถียรภาพทางเศรษฐกิจ และการพัฒนาเศรษฐกิจและสังคมของประเทศ จึงกำหนดมาตรการผ่อนผันเป็นกรณีพิเศษ ให้คนต่างด้าวกลุ่มดังกล่าวที่ประสงค์จะทำงานอย่างถูกต้อง สามารถอยู่และทำงานในราชอาณาจักรได้ภายใต้เงื่อนไขที่ทางราชการกำหนด | I49: Implemented | J49: จริง | K49: ระเบียบการปฏิบัติงาน / วิธีการปฏิบัติงานว่าด้วยการจ้างแรงงานต่างด้าว / บันทึก | L49: Active | M49: 3
A50: ประกาศกระทรวง | B50: 49 | C50: กฎหมายจัดหางาน | D50: 98684 | E50: ประกาศกระทรวงมหาดไทย เรื่อง การอนุญาตให้คนต่างด้าวอยู่ในราชอาณาจักรเป็นกรณีพิเศษ สำหรับคนต่างด้าวสัญชาติลาว เมียนมา และเวียดนาม ตามมติคณะรัฐมนตรีเมื่อวันที่ 11 พฤศจิกายน 2568 | F50: 45973 | G50: https://ratchakitcha.soc.go.th/documents/98684.pdf | H50: ประกาศกระทรวงแรงงานฉบับนี้ออกตามมติคณะรัฐมนตรี โดยเป็นการเพิ่มเติมและขยายผลจากประกาศเดิม เพื่ออนุญาตให้คนต่างด้าวสัญชาติกัมพูชา ลาว เมียนมา และเวียดนาม ซึ่งได้รับอนุญาตให้ทำงานในราชอาณาจักรถึงวันที่ 13 กุมภาพันธ์ 2465 สามารถอยู่และทำงานต่อไปได้เป็นการเฉพาะ โดยกำหนดให้ต้องดำเนินการยื่นคำขออนุญาตทำงานแทนคนต่างด้าว และจัดให้มีหลักประกันเพื่อรองรับการส่งตัวคนต่างด้าวกลับประเทศต้นทางในลักษณะเดียวกับการดำเนินการตามบันทึกความเข้าใจว่าด้วยความร่วมมือด้านแรงงาน ทั้งนี้เพื่อบรรเทาภาระค่าใช้จ่ายแก่ภาครัฐและนายจ้าง ควบคู่กับการคุ้มครองสิทธิแรงงานต่างด้าว และสนับสนุนให้ระบบเศรษฐกิจของประเทศสามารถขับเคลื่อนได้อย่างต่อเนื่องและมีเสถียรภาพ | I50: Implemented | J50: จริง | K50: ระเบียบการปฏิบัติงาน / วิธีการปฏิบัติงานว่าด้วยการจ้างแรงงานต่างด้าว / บันทึก | L50: Active | M50: 3
A51: ประกาศกระทรวง | B51: 50 | C51: กฎหมายจัดหางาน | D51: 98685 | E51: ประกาศกระทรวงแรงงาน เรื่อง การอนุญาตให้คนต่างด้าวทำงานในราชอาณาจักรเป็นการเฉพาะสำหรับคนต่างด้าวสัญชาติกัมพูชา ลาว เมียนมา และเวียดนาม ซึ่งได้รับอนุญาตให้ทำงานถึงวันที่ 13 กุมภาพันธ์ 2568 ตามมติคณะรัฐมนตรีเมื่อวันที่ 24 กันยายน 2565 (ฉบับที่ 4) | F51: 46003 | G51: https://ratchakitcha.soc.go.th/documents/98685.pdf | H51: ประกาศกระทรวงแรงงานฉบับนี้เป็นการเพิ่มเติมจากประกาศเดิมตามมติคณะรัฐมนตรี เพื่อผ่อนผันให้คนต่างด้าวสัญชาติเมียนมาที่ได้รับอนุญาตให้ทำงานถึงวันที่ 13 กุมภาพันธ์ 2565 และนายจ้างได้ยื่นบัญชีรายชื่อความต้องการจ้างแรงงานต่างด้าวแล้ว แต่ไม่สามารถดำเนินการตามแนวทางที่กำหนดได้ สามารถทำงานต่อไปได้ถึงวันที่ 13 กุมภาพันธ์ 2570 โดยกำหนดให้นายจ้างต้องยื่นคำขออนุญาตทำงานแทนคนต่างด้าวและจัดให้มีหลักประกันเพื่อรองรับการส่งตัวกลับประเทศต้นทาง ทั้งนี้มีการปรับปรุงแนวทางการวางหลักประกันให้เหมาะสม เพื่อลดภาระค่าใช้จ่ายของนายจ้างและสถานประกอบการ ควบคู่กับการคุ้มครองแรงงานต่างด้าว และสนับสนุนให้ระบบเศรษฐกิจของประเทศสามารถขับเคลื่อนได้อย่างต่อเนื่องและมีเสถียรภาพ | I51: Implemented | J51: จริง | K51: ระเบียบการปฏิบัติงาน / วิธีการปฏิบัติงานว่าด้วยการจ้างแรงงานต่างด้าว / บันทึก | L51: Active | M51: 3
A52: ประกาศกระทรวง | B52: 51 | C52: กฎหมายจัดหางาน | D52: 98685 | E52: ประกาศกระทรวงแรงงาน เรื่อง การอนุญาตให้คนต่างด้าวทำงานในราชอาณาจักรเป็นกรณีพิเศษ สำหรับคนต่างด้าวสัญชาติเมียนมาตามมติคณะรัฐมนตรี เมื่อวันที่ 8 กรกฎาคม 2568 (ฉบับที่ 2) | F52: 46003 | G52: https://ratchakitcha.soc.go.th/documents/98685.pdf | H52: ประกาศกระทรวงแรงงานฉบับนี้เป็นการเพิ่มเติมจากประกาศเดิมตามมติคณะรัฐมนตรี เพื่อผ่อนผันให้คนต่างด้าวสัญชาติเมียนมาที่ได้รับอนุญาตให้ทำงานถึงวันที่ 13 กุมภาพันธ์ 2565 และนายจ้างได้ยื่นบัญชีรายชื่อความต้องการจ้างแรงงานต่างด้าวแล้ว แต่ไม่สามารถดำเนินการตามแนวทางที่กำหนดได้ สามารถทำงานต่อไปได้ถึงวันที่ 13 กุมภาพันธ์ 2570 โดยกำหนดให้นายจ้างต้องยื่นคำขออนุญาตทำงานแทนคนต่างด้าวและจัดให้มีหลักประกันเพื่อรองรับการส่งตัวกลับประเทศต้นทาง ทั้งนี้มีการปรับปรุงแนวทางการวางหลักประกันให้เหมาะสม เพื่อลดภาระค่าใช้จ่ายของนายจ้างและสถานประกอบการ ควบคู่กับการคุ้มครองแรงงานต่างด้าว และสนับสนุนให้ระบบเศรษฐกิจของประเทศสามารถขับเคลื่อนได้อย่างต่อเนื่องและมีเสถียรภาพ | I52: Implemented | J52: จริง | K52: ระเบียบการปฏิบัติงาน / วิธีการปฏิบัติงานว่าด้วยการจ้างแรงงานต่างด้าว / บันทึก | L52: Active | M52: 3
A53: ประกาศคณะกรรมการส่งเสริมการพัฒนาฝีมือแรงงาน | B53: 52 | C53: กฎหมายพัฒนาฝีมือแรงงาน | D53: 101869 | E53: ประกาศคณะกรรมการส่งเสริมการพัฒนาฝีมือแรงงาน เรื่อง หลักเกณฑ์การใช้จ่ายเงินเพื่อช่วยเหลือหรืออุดหนุนจากกองทุนพัฒนาฝีมือแรงงาน (ฉบับที่ ๒) | F53: 1/21/2026 | G53: https://ratchakitcha.soc.go.th/documents/101869.pdf | H53: เหตุผลหลักของการออกประกาศฉบับนี้ คือเพื่อแก้ไขเพิ่มเติมหลักเกณฑ์เดิมให้ครอบคลุมกรณีที่ผู้ประกอบกิจการจัดให้มีการฝึกอบรมฝีมือแรงงานแก่ลูกจ้างของตนในหลักสูตรเฉพาะที่เกี่ยวข้องกับ นวัตกรรมหรือปัญญาประดิษฐ์ /AI เพื่อรองรับการพัฒนาเทคโนโลยี และเพื่อให้หลักเกณฑ์การใช้จ่ายเงินจากกองทุนพัฒนาฝีมือแรงงานมีความเหมาะสมยิ่งขึ้น | I53: Implemented | J53: จริง | K53: 1) บันทึกกฎหมายฉบับนี้ไว้ใน ทะเบียนกฎหมายและข้อกำหนดที่เกี่ยวข้อง หากองค์กรมีการใช้สิทธิจากกองทุนพัฒนาฝีมือแรงงาน 2) จัดทำหรือทบทวน ขั้นตอนการวางแผนอบรม การขออนุมัติหลักสูตร การเก็บหลักฐานการฝึกอบรม และการยื่นคำขอรับเงินอุดหนุน ให้สอดคล้องกับประกาศฉบับนี้ 3) ใช้เป็นฐานสนับสนุนการพัฒนาทักษะแรงงานในหลักสูตรที่เกี่ยวข้องกับ นวัตกรรม/AI ซึ่งช่วยยกระดับความสามารถของแรงงานและความพร้อมขององค์กรในระยะยาว 4) ในการตรวจติดตามภายใน ควรตรวจดูว่าองค์กรมี หลักฐานการอบรม, การเห็นชอบหลักสูตร, การคำนวณสิทธิ, และการยื่นคำขอภายในกำหนดเวลา ครบถ้วนหรือไม่ 5) ในเชิงระบบ เอกสารนี้มีผลต่อ การควบคุมเอกสาร, การติดตามความสอดคล้องตามกฎหมาย, การอบรม และการจัดการบันทึกหลักฐาน มากกว่าการกำหนดสิทธิขั้นพื้นฐานของลูกจ้างโดยตรง | L53: Active | M53: 3
A54: ประกาศกระทรวงแรงงาน | B54: 53 | C54: กฎหมายจัดหางาน | D54: 99072 | E54: ประกาศกระทรวงแรงงาน เรื่อง การอนุญาตให้คนต่างด้าวทำงานในราชอาณาจักรเป็นการเฉพาะ สำหรับคนต่างด้าวสัญชาติลาวและเวียดนาม ซึ่งได้รับอนุญาตให้ทำงานถึงวันที่ 13 กุมภาพันธ์ 2569 ตามมติคณะรัฐมนตรีเมื่อวันที่ 2 ธันวาคม 2568 | F54: 46266 | G54: https://ratchakitcha.soc.go.th/documents/99072.pdf | H54: ะกาศฉบับนี้เป็นมาตรการเฉพาะสำหรับ คนต่างด้าวสัญชาติลาวและเวียดนาม ที่ได้รับอนุญาตให้ทำงานอยู่แล้วและสิทธิเดิมสิ้นสุดวันที่ 13 กุมภาพันธ์ 2569 โดยเปิดทางให้ดำเนินการต่ออายุการทำงานในราชอาณาจักรต่อไปภายใต้เงื่อนไขที่กำหนด และให้นายทะเบียนพิจารณาอนุญาตทำงานได้ถึงวันที่ 13 กุมภาพันธ์ 2570 หากเอกสารถูกต้องครบถ้วน | I54: Implemented | J54: จริง | K54: 1) ทบทวน ทะเบียนกฎหมายและข้อกำหนด ให้ครอบคลุมประกาศฉบับนี้ รวมถึงกฎหมายคนเข้าเมือง การบริหารจัดการการทำงานของคนต่างด้าว และข้อกำหนดเรื่องประกันสุขภาพ/ประกันสังคมที่เกี่ยวข้อง 2) จัดทำ บัญชีรายชื่อแรงงานต่างด้าวที่เข้าเงื่อนไข และติดตามวันครบกำหนดของการตรวจสุขภาพ ประกันสุขภาพ การยื่นคำขอ และเอกสารที่ใช้แทนใบอนุญาตทำงานอย่างใกล้ชิด 3) ควบคุม เอกสารสำคัญ เช่น ใบรับคำขอ ใบเสร็จรับเงิน ใบอนุญาตทำงาน หลักฐานการตรวจสุขภาพ หลักฐานประกันสุขภาพ/ประกันสังคม และเอกสารเปลี่ยนนายจ้าง ให้พร้อมต่อการตรวจติดตาม 4) ทบทวนขั้นตอน onboarding, renewal, transfer, labour document control และมอบหมายผู้รับผิดชอบระหว่าง HR, นายจ้าง, ตัวแทน, และผู้รับเหมา ให้ชัดเจน 5) บรรจุประเด็นนี้ไว้ใน internal audit / legal compliance review ของ มรท.8001 โดยตรวจว่ามีแรงงานทำงานก่อนโดยมีเอกสารรองรับถูกต้องหรือไม่ มีการทำประกันครบหรือไม่ และมีแรงงานใดเสี่ยงหลุดสถานะหรือไม่ 6) ใช้ในการอบรมผู้เกี่ยวข้องเพื่อป้องกันความเสี่ยงเรื่อง แรงงานต่างด้าวทำงานโดยเอกสารไม่ครบ, ประกันไม่ถูกต้อง, หรือ เปลี่ยนนายจ้างไม่เป็นไปตามเงื่อนไข ซึ่งอาจกระทบทั้งด้านกฎหมายและการรับรองระบบแรงงาน | L54: Active | M54: 3
A55: ประกาศกระทรวงแรงงาน | B55: 54 | C55: กฎหมายจัดหางาน | D55: 99070 | E55: ประกาศกระทรวงแรงงาน เรื่อง การอนุญาตให้คนต่างด้าวทำงานในราชอาณาจักรเป็นการเฉพาะ สำหรับคนต่างด้าวสัญชาติลาว เมียนมา และเวียดนาม ซึ่งได้รับอนุญาตให้ทำงานถึงวันที่ 31 มีนาคม 2569 ตามมติคณะรัฐมนตรีเมื่อวันที่ 2 ธันวาคม 2568 | F55: 46266 | G55: https://ratchakitcha.soc.go.th/documents/99070.pdf | H55: ประกาศฉบับนี้เป็นมาตรการเฉพาะสำหรับคนต่างด้าว สัญชาติลาว เมียนมา และเวียดนาม ที่ได้รับอนุญาตให้ทำงานอยู่แล้วและสิทธิเดิมสิ้นสุดวันที่ 31 มีนาคม 2569 โดยเปิดทางให้ดำเนินการต่ออายุการทำงานต่อไปภายใต้เงื่อนไขที่กำหนด และเมื่อนายทะเบียนตรวจสอบครบถ้วนแล้ว สามารถอนุญาตทำงานได้ถึงวันที่ 31 มีนาคม 2570 | I55: Implemented | J55: จริง | K55: 1) ทบทวน ทะเบียนกฎหมายและข้อกำหนดที่เกี่ยวข้อง ให้ครอบคลุมประกาศฉบับนี้ รวมถึงกฎหมายคนเข้าเมือง กฎหมายบริหารจัดการการทำงานของคนต่างด้าว และข้อกำหนดเรื่องประกันสุขภาพ/ประกันสังคมที่เกี่ยวข้อง 2) จัดทำ บัญชีรายชื่อแรงงานต่างด้าวที่เข้าเงื่อนไข และติดตามวันครบกำหนดของการตรวจสุขภาพ ประกันสุขภาพ การยื่นคำขอ และเอกสารแทนใบอนุญาตทำงาน 3) ควบคุม เอกสารสำคัญ เช่น ใบรับคำขอ ใบเสร็จรับเงิน ใบอนุญาตทำงาน หลักฐานการตรวจสุขภาพ หลักฐานประกันสุขภาพ/ประกันสังคม และเอกสารเปลี่ยนนายจ้าง ให้พร้อมต่อการตรวจติดตาม 4) ทบทวนขั้นตอน onboarding, renewal, transfer, labour document control ให้ชัดเจนระหว่าง HR, หน่วยงานสนับสนุน, นายจ้าง และผู้รับเหมา 5)บรรจุประเด็นนี้ไว้ใน internal audit / legal compliance review ของ มรท.8001 โดยเฉพาะการตรวจแรงงานต่างด้าวว่าทำงานโดยมีเอกสารรองรับถูกต้องหรือไม่ มีประกันครบหรือไม่ และมีรายใดเสี่ยงหลุดสถานะหรือไม่ | L55: Active | M55: 3
A56: ประกาศคณะกรรมการการแพทย์ตามพระราชบัญญัติประกันสังคม | B56: 55 | C56: กฎหมายประกันสังคม | D56: 101606 | E56: ประกาศคณะกรรมการการแพทย์ตามพระราชบัญญัติประกันสังคม เรื่อง หลักเกณฑ์และอัตราค่าส่งเสริมสุขภาพและป้องกันโรคสำหรับประโยชน์ทดแทนในกรณีประสบอันตรายหรือเจ็บป่วยอันมิใช่เนื่องจากการทำงาน พ.ศ. ๒๕๖๘ | F56: 1/15/2026 | G56: https://ratchakitcha.soc.go.th/documents/101606.pdf | H56: ประกาศฉบับนี้เป็น กฎหมายแก้ไขเพิ่มเติม โดยแก้ไขข้อความใน ข้อ ๒/๒ ของประกาศคณะกรรมการการแพทย์ตามพระราชบัญญัติประกันสังคม เรื่อง หลักเกณฑ์และอัตราค่าส่งเสริมสุขภาพและป้องกันโรคสำหรับประโยชน์ทดแทนในกรณีประสบอันตรายหรือเจ็บป่วยอันมิใช่เนื่องจากการทำงาน ลงวันที่ ๑๖ ธันวาคม ๒๕๕๙ ซึ่งต่อมาได้มีการแก้ไขเพิ่มเติมอีกครั้งโดยประกาศ พ.ศ. ๒๕๖๓ ลงวันที่ ๙ ธันวาคม ๒๕๖๓ แล้วให้ใช้ข้อความใหม่แทน | I56: Implemented | J56: จริง | K56: 1) ทบทวน ทะเบียนกฎหมายและข้อกำหนดที่เกี่ยวข้อง ให้ครอบคลุมประกาศฉบับนี้ หากองค์กรมีลูกจ้างที่เป็นผู้ประกันตนอายุ ๕๐ ปีขึ้นไป 2) ใช้เป็นข้อมูลในการจัดทำหรือสื่อสาร แผนสวัสดิการและส่งเสริมสุขภาพแรงงาน ร่วมกับ HR, Admin, Safety หรือพยาบาลวิชาชีพประจำสถานประกอบกิจการ 3) ประชาสัมพันธ์สิทธิให้ลูกจ้างกลุ่มเป้าหมายทราบอย่างทั่วถึง เช่น ช่วงเวลาใช้สิทธิ สถานพยาบาลที่กำหนด และเงื่อนไขการรับบริการ 4) ใช้เป็นหลักฐานสนับสนุนด้าน labour welfare / employee well-being ในระบบ มรท.8001 และในการตรวจติดตามภายใน องค์กรอาจตรวจว่ามีการสื่อสารสิทธิประโยชน์ด้านสุขภาพแก่ลูกจ้างอย่างเหมาะสมหรือไม่ 5) หากองค์กรมีโครงการสร้างเสริมสุขภาพพนักงานอยู่แล้ว สามารถบูรณาการข้อมูลนี้เข้ากับกิจกรรมด้านสุขภาพประจำปี เพื่อยกระดับคุณภาพชีวิตแรงงานและลดความเสี่ยงด้านสุขภาพจากโรคตามฤดูกาล | L56: Active | M56: 3
A57: ประกาศคณะกรรมการการแพทย์ตามพระราชบัญญัติประกันสังคม | B57: 56 | C57: กฎหมายประกันสังคม | D57: 102373 | E57: ประกาศคณะกรรมการการแพทย์ตามพระราชบัญญัติประกันสังคม เรื่อง หลักเกณฑ์และอัตราสำหรับประโยชน์ทดแทนในกรณีประสบอันตรายหรือเจ็บป่วยอันมิใช่เนื่องจากการทำงาน | F57: 46083 | G57: https://ratchakitcha.soc.go.th/documents/102373.pdf | H57: ประกาศฉบับนี้เป็น กฎหมายแก้ไขเพิ่มเติม จากประกาศคณะกรรมการการแพทย์ตามพระราชบัญญัติประกันสังคม เรื่องเดียวกัน ลงวันที่ 25 ธันวาคม 2564 และที่แก้ไขเพิ่มเติมภายหลัง โดยในฉบับนี้มีสาระสำคัญ 2 ส่วนหลัก คือ แก้ไขข้อความข้อ 5/1 เดิม และ เพิ่มข้อ 9 ว่าด้วยการผ่าตัดรักษาโรคอ้วนรุนแรง/โรคร่วมจากภาวะอ้วน | I57: Implemented | J57: จริง | K57: 1) ทบทวน ทะเบียนกฎหมายและข้อกำหนดที่เกี่ยวข้อง ให้ครอบคลุมประกาศฉบับนี้ โดยเฉพาะในส่วนสิทธิประโยชน์ด้านการแพทย์ของผู้ประกันตน 2) ประสาน HR, หน่วยงานสวัสดิการ, แพทย์/พยาบาลประจำสถานประกอบกิจการ หรือผู้ดูแล employee well-being เพื่อ สื่อสารสิทธิการรักษา แก่ลูกจ้างที่อาจเข้าเกณฑ์ 3) ใช้เป็นข้อมูลสนับสนุน โครงการส่งเสริมสุขภาพแรงงาน เช่น การควบคุมน้ำหนัก การป้องกันโรคไม่ติดต่อเรื้อรัง และการดูแลแรงงานที่มีความเสี่ยงด้านสุขภาพ 4) ในการตรวจติดตามภายใน มรท.8001 องค์กรอาจตรวจว่าได้มีการ สื่อสารสิทธิประกันสังคมและสิทธิด้านสุขภาพ ให้ลูกจ้างอย่างเหมาะสมหรือไม่ 5) หากองค์กรมีแรงงานที่มีภาวะอ้วนรุนแรงหรือโรคร่วมจำนวนมาก ประกาศนี้อาจช่วยลดผลกระทบด้านสุขภาพ การขาดงาน และเพิ่มโอกาสกลับสู่การทำงานอย่างมีประสิทธิภาพได้ | L57: Active | M57: 3
A58: ประกาศคณะกรรมการการแพทย์ตามพระราชบัญญัติประกันสังคม | B58: 57 | C58: กฎหมายประกันสังคม | D58: 102381 | E58: ประกาศคณะกรรมการการแพทย์ตามพระราชบัญญัติประกันสังคม เรื่อง หลักเกณฑ์และอัตราค่าบริการทางการแพทย์เพื่อเพิ่มประสิทธิภาพการเข้าถึงการรักษาของผู้ประกันตนในระบบประกันสังคม | F58: 46357 | G58: https://ratchakitcha.soc.go.th/documents/102381.pdf | H58: ประกาศฉบับนี้เป็นกฎหมายที่กำหนด หลักเกณฑ์และอัตราค่าบริการทางการแพทย์เพิ่มเติมเป็นการเฉพาะ เพื่อสนับสนุนการรักษาผู้ประกันตนใน 2 กลุ่มโรคสำคัญ คือ 1) โรคหลอดเลือดสมองอุดตัน โดยเฉพาะหัตถการ Thrombectomy 2) โรคหัวใจและหลอดเลือด โดยเฉพาะการสวนหัวใจ การขยายหลอดเลือดหัวใจ และหัตถการหัวใจเฉพาะทางอื่น ๆ | I58: Implemented | J58: จริง | K58: 1) ทบทวน ทะเบียนกฎหมายและข้อกำหนดที่เกี่ยวข้อง ให้ครอบคลุมประกาศนี้ โดยเฉพาะในส่วนสิทธิประโยชน์ด้านการรักษาพยาบาลของผู้ประกันตน 2) สื่อสารให้ HR, welfare, พยาบาลวิชาชีพ, เจ้าหน้าที่ประกันสังคม และลูกจ้างทราบว่า ผู้ประกันตนสามารถเข้าถึงการรักษาภาวะฉุกเฉินบางประเภทได้ภายใต้หลักเกณฑ์ใหม่ของประกันสังคม 3) ใช้เป็นข้อมูลสนับสนุนด้าน employee well-being และ labour welfare โดยเฉพาะในองค์กรที่มีลูกจ้างกลุ่มเสี่ยงโรคหัวใจ โรคหลอดเลือดสมอง หรือโรคไม่ติดต่อเรื้อรังจำนวนมาก 4) บูรณาการเข้ากับระบบ มรท.8001 ในด้าน การอบรม/การสื่อสารสิทธิ, การจัดการสวัสดิการ, และ การดูแลแรงงานหลังเจ็บป่วยหรือกลับเข้าทำงาน เพื่อช่วยให้แรงงานเข้าถึงสิทธิได้รวดเร็วขึ้น 5) ในการตรวจติดตามภายใน องค์กรอาจตรวจว่ามีการสื่อสารสิทธิประโยชน์ประกันสังคมที่สำคัญแก่ลูกจ้างอย่างทั่วถึงหรือไม่ โดยเฉพาะกรณีโรครุนแรงที่ต้องรักษาเร่งด่วน | L58: Active | M58: 3
A59: พระราชบัญญัติ | B59: 58 | C59: กฎหมายความปลอดภัย อาชีวอนามัย และสภาพแวดล้อมในการทำงาน | E59: พระราชบัญญัติความปลอดภัย อาชีวอนามัย และสภาพแวดล้อมในการทำงาน พ.ศ. 2554 | F59: 41244 | G59: https://legal.labour.go.th/images/law/Safety2554/safety54.pdf | H59: เหตุผลในการตรากฎหมายฉบับนี้คือ ในทางปฏิบัติมีการนำเทคโนโลยี เครื่องมือ เครื่องจักร อุปกรณ์ สารเคมี และสารเคมีอันตรายมาใช้ในกระบวนการผลิต การก่อสร้าง และบริการมากขึ้น แต่การพัฒนาความรู้ความเข้าใจด้านความปลอดภัยยังไม่เพียงพอ ส่งผลให้เกิดอันตรายจากการทำงาน บาดเจ็บ พิการ ทุพพลภาพ เสียชีวิต และโรคจากการทำงานเพิ่มขึ้น อีกทั้งพระราชบัญญัติคุ้มครองแรงงาน พ.ศ. 2541 มีขอบเขตจำกัดและไม่เพียงพอต่อการกำหนดกลไกและมาตรการบริหารงานความปลอดภัยอย่างมีประสิทธิภาพ จึงจำเป็นต้องมีกฎหมายเฉพาะด้านนี้โดยตรง พระราชบัญญัติฉบับนี้เป็น กฎหมายแม่บทเฉพาะด้านความปลอดภัย อาชีวอนามัย และสภาพแวดล้อมในการทำงาน แยกออกจากกฎหมายคุ้มครองแรงงานทั่วไป โดยกำหนดกลไกการบริหาร การควบคุม กำกับดูแล การบังคับใช้ การอุทธรณ์ กองทุน และบทกำหนดโทษไว้อย่างเป็นระบบ | I59: Implemented | J59: จริง | K59: 1) นำกฎหมายฉบับนี้และกฎหมายลำดับรองที่เกี่ยวข้องเข้าไว้ใน ทะเบียนกฎหมายและข้อกำหนด ขององค์กร 2) จัดทำ/ทบทวน นโยบายความปลอดภัย อาชีวอนามัย และสภาพแวดล้อมในการทำงาน ให้สอดคล้องกับหน้าที่ตามกฎหมาย 3) จัดให้มี เจ้าหน้าที่ความปลอดภัย, บุคลากร, คณะกรรมการความปลอดภัย หรือโครงสร้างที่เกี่ยวข้อง ตามประเภทกิจการและขนาดกิจการ 4) จัดทำ hazard identification, risk assessment, impact study, action plan, control plan และหลักฐานประกอบให้ครบถ้วน 5) จัด การอบรมความปลอดภัย ให้ผู้บริหาร หัวหน้างาน และลูกจ้างทุกคน รวมถึงก่อนเริ่มงาน/เปลี่ยนงาน/เปลี่ยนเครื่องจักรตามที่กฎหมายกำหนด 6) ควบคุม PPE, ป้ายเตือน, คู่มือปฏิบัติงาน, การสื่อสารอันตราย, การรายงานอุบัติภัย และระบบสอบสวนอุบัติเหตุให้ใช้งานได้จริง 7) ใช้กฎหมายนี้เป็นเกณฑ์ในการ ตรวจติดตามภายใน, ประเมินความสอดคล้องตามกฎหมาย, contractor control, corrective action, management review ของระบบ มรท.8001 | L59: Active | M59: 3
A60: กฎกระทรวง | B60: 59 | C60: กฎหมายความปลอดภัย อาชีวอนามัย และสภาพแวดล้อมในการทำงาน | E60: กฎกระทรวง กำหนดมาตรฐานในการบริหาร จัดการ และดำเนินการด้านความปลอดภัย อาชีวอนามัย และสภาพแวดล้อมในการทำงานเกี่ยวกับการป้องกันและระงับอัคคีภัย พ.ศ. 2555 | F60: 12/17/2013 | G60: https://legal.labour.go.th/images/law/Safety2554/2/s_001.pdf | H60: เหตุผลในการออกกฎกระทรวงฉบับนี้ คือ มาตรา 8 วรรคหนึ่ง แห่งพระราชบัญญัติความปลอดภัย อาชีวอนามัย และสภาพแวดล้อมในการทำงาน พ.ศ. 2554 ให้อำนาจรัฐมนตรีว่าการกระทรวงแรงงานออกกฎกระทรวงกำหนดมาตรฐานให้นายจ้างบริหาร จัดการ และดำเนินการด้านความปลอดภัยฯ และเห็นว่าการป้องกันและระงับอัคคีภัยที่มีมาตรฐานเป็นมาตรการสำคัญที่ทำให้ลูกจ้างได้รับความปลอดภัยในการทำงาน จึงจำเป็นต้องออกกฎกระทรวงนี้ กฎกระทรวงฉบับนี้เป็นกฎหมายลำดับรองภายใต้ พ.ร.บ.ความปลอดภัยฯ 2554 ที่กำหนดมาตรฐานเฉพาะเรื่อง “การป้องกันและระงับอัคคีภัย” สำหรับสถานประกอบกิจการ โดยครอบคลุมตั้งแต่นิยามระดับความเสี่ยงอัคคีภัย ระบบป้องกันและระงับอัคคีภัย แผนป้องกันอัคคีภัย ทางหนีไฟ ระบบแจ้งเหตุเพลิงไหม้ ระบบน้ำดับเพลิง เครื่องดับเพลิง การจัดการวัตถุไวไฟ/วัตถุระเบิด การกำจัดของเสียที่ติดไฟได้ง่าย การป้องกันฟ้าผ่า การอบรม และการฝึกซ้อมดับเพลิง/อพยพหนีไฟ | I60: Implemented | J60: จริง | K60: 1) บรรจุกฎหมายฉบับนี้ไว้ใน ทะเบียนกฎหมายและข้อกำหนด ของระบบ มรท.8001 2) จัดทำ/ทบทวน แผนป้องกันและระงับอัคคีภัย 6 แผน ให้ครบ และควบคุมเอกสารให้เป็นปัจจุบัน 3) ตรวจความพร้อมของ ทางหนีไฟ ประตูหนีไฟ ป้ายหนีไฟ ระบบแจ้งเหตุเพลิงไหม้ แสงสว่างฉุกเฉิน น้ำสำรองดับเพลิง และเครื่องดับเพลิง ให้ตรงตามความเสี่ยงของสถานประกอบกิจการ 4) จัดทำระบบ inspection / preventive maintenance / record keeping สำหรับอุปกรณ์ดับเพลิงและระบบที่เกี่ยวข้อง 5) จัด ฝึกอบรมดับเพลิงขั้นต้น และ ฝึกซ้อมดับเพลิง-อพยพหนีไฟประจำปี พร้อมหลักฐานแผนและรายงานผล 6) ใช้กฎหมายฉบับนี้เป็นเกณฑ์ในการ internal audit, legal compliance evaluation, corrective action, emergency preparedness review และ contractor control | L60: Active | M60: 3
A61: กฎกระทรวง | B61: 60 | C61: กฎหมายความปลอดภัย อาชีวอนามัย และสภาพแวดล้อมในการทำงาน | E61: กฎกระทรวง กำหนดมาตรฐานในการบริหาร จัดการ และดำเนินการด้านความปลอดภัย อาชีวอนามัย และสภาพแวดล้อมในการทำงานเกี่ยวกับการป้องกันและระงับอัคคีภัย (ฉบับที่ 2) พ.ศ. 2561 | F61: 8/29/2021 | G61: https://legal.labour.go.th/images/law/Safety2554/2/Law02_2020.pdf | H61: เหตุผลในการออกกฎกระทรวงฉบับนี้ คือ กฎกระทรวงฉบับเดิม พ.ศ. ๒๕๕๕ ในส่วนที่เกี่ยวกับ ขนาดตัวอักษรของป้ายบอกทางหนีไฟ และ มาตรการป้องกันอันตรายจากถ่านหิน ผงแร่ที่ลุกไหม้ได้ง่าย เซลลูลอยด์ หรือของแข็งที่ติดไฟได้ง่าย ยังไม่เหมาะสม จึงสมควรแก้ไขปรับปรุง เพื่อให้นายจ้างสามารถบริหาร จัดการ และดำเนินการด้านความปลอดภัยเกี่ยวกับการป้องกันและระงับอัคคีภัยได้อย่างมีประสิทธิภาพยิ่งขึ้น กฎกระทรวงฉบับนี้เป็น กฎหมายแก้ไขเพิ่มเติม กฎกระทรวงว่าด้วยการป้องกันและระงับอัคคีภัย พ.ศ. ๒๕๕๕ โดยแก้ไขเฉพาะบางข้อ ไม่ได้ยกเลิกทั้งฉบับ แต่ปรับปรุงรายละเอียดบางประเด็นให้ชัดและเข้มขึ้น | I61: Implemented | J61: จริง | K61: 1) ทบทวน ป้ายบอกทางหนีไฟ ให้มีขนาดตัวอักษรไม่น้อยกว่า 10 เซนติเมตร และมองเห็นได้ชัดเจน 2) หากมีการเก็บ ถ่านหิน ผงแร่ เซลลูลอยด์ หรือของแข็งที่ติดไฟง่าย ต้องทบทวนวิธีเก็บ การป้องกันความร้อน การระบายอากาศ และความเสี่ยงจาก dust explosion ให้สอดคล้องกับกฎหมายฉบับนี้ 3) จัดทำ/ปรับปรุง วิธีปฏิบัติงาน, แผนฉุกเฉิน, แบบตรวจสอบ, บันทึกการตรวจวัดอุณหภูมิ, และบันทึกการตรวจติดตาม ให้ครบถ้วน 4) นำประเด็นนี้เข้าไปอยู่ใน internal audit, legal compliance evaluation, hazard identification/risk assessment และการควบคุมเอกสารในระบบ มรท.8001 5) อบรมผู้เกี่ยวข้อง เช่น HR, Safety, Maintenance, Warehouse, Utility หรือผู้ควบคุมคลังวัสดุ ให้เข้าใจข้อกำหนดใหม่และวิธีควบคุมความเสี่ยงอย่างถูกต้อง | L61: Active | M61: 3
A62: กฎกระทรวง | B62: 61 | C62: กฎหมายความปลอดภัย อาชีวอนามัย และสภาพแวดล้อมในการทำงาน | E62: กฎกระทรวง กำหนดมาตรฐานในการบริหาร จัดการ และดำเนินการด้านความปลอดภัย อาชีวอนามัย และสภาพแวดล้อมในการทำงานเกี่ยวกับสารเคมีอันตราย พ.ศ. 2556 | F62: 11/29/2013 | G62: https://legal.labour.go.th/images/law/Safety2554/2/s_002.pdf | H62: ออกกฎกระทรวงนี้เพราะสถานประกอบกิจการมีการใช้สารเคมีอันตรายในรูปแบบหลากหลายและมีความเสี่ยงต่างกันตามชนิดและปริมาณของสารเคมี จึงจำเป็นต้องกำหนดมาตรฐานให้นายจ้างบริหาร จัดการ และดำเนินการด้านความปลอดภัยเพื่อคุ้มครองลูกจ้างที่ทำงานเกี่ยวกับสารเคมีอันตรายให้ปลอดภัยมากขึ้น กฎหมายฉบับนี้เป็นกฎหมายหลักเฉพาะด้าน การทำงานเกี่ยวกับสารเคมีอันตราย ภายใต้ พ.ร.บ.ความปลอดภัยฯ 2554 โดยกำหนดหน้าที่ของนายจ้างและลูกจ้างครอบคลุมทั้งวงจรของสารเคมี ตั้งแต่การระบุชนิด การจัดทำข้อมูลความปลอดภัย การติดฉลากและป้ายเตือน การคุ้มครองความปลอดภัย การเก็บรักษา การบรรจุ การถ่ายเท การขนถ่าย การขนส่ง การกำจัด การตรวจวัดความเข้มข้น การประเมินความเสี่ยงต่อสุขภาพ และการจัดการเหตุฉุกเฉิน | I62: Implemented | J62: จริง | K62: 1) บรรจุกฎหมายฉบับนี้ไว้ใน ทะเบียนกฎหมาย OHS/Legal Register 2) จัดทำ Chemical Inventory, SDS Register, วิธีปฏิบัติงาน, ป้ายเตือน, ฉลาก, และระบบควบคุมเอกสาร 3) ทำ Hazard Identification / Risk Assessment สำหรับงานที่เกี่ยวกับสารเคมี 4) จัดระบบ PPE, ventilation, emergency shower/eyewash, spill control, fire protection 5) ตรวจวัดสภาพแวดล้อมและเฝ้าระวังสุขภาพลูกจ้างตามความเสี่ยง 6) จัดทำ Emergency Response Plan และฝึกซ้อมเหตุฉุกเฉินสารเคมี 7) ใช้เป็นเกณฑ์ใน internal audit, legal compliance evaluation, contractor control, training plan, corrective action ของระบบ มรท.8001 | L62: Active | M62: 3
A63: ประกาศกรมสวัสดิการและคุ้มครองแรงงาน | B63: 62 | C63: กฎหมายความปลอดภัย อาชีวอนามัย และสภาพแวดล้อมในการทำงาน | E63: ประกาศกรมสวัสดิการและคุ้มครองแรงงาน เรื่อง บัญชีรายชื่อสารเคมีอันตราย | F63: 41437 | G63: https://legal.labour.go.th/images/law/Safety2554/2/s_002.pdf | H63: เป็นประกาศที่ออกตามข้อ 1 ของกฎกระทรวงเกี่ยวกับสารเคมีอันตราย พ.ศ. 2556 เพื่อกำหนดว่า “สารเคมีอันตราย” ที่อยู่ภายใต้กฎกระทรวงมีรายการใดบ้างในทางปฏิบัติ ประกาศฉบับนี้ไม่ได้กำหนดหน้าที่ปฏิบัติใหม่แยกต่างหากมากนัก แต่มีบทบาทสำคัญในฐานะ ตารางบัญชีรายชื่อสารเคมีอันตราย ที่ใช้เป็นฐานอ้างอิงในการตีความและบังคับใช้กฎกระทรวงฉบับหลัก โดยกำหนดว่า บัญชีรายชื่อสารเคมีอันตรายให้เป็นไปตามตารางท้ายประกาศ และรวมถึงสารเคมีที่มีชื่ออื่นแต่มีสูตรโครงสร้างทางเคมีเดียวกัน (Synonym) ด้วย | I63: Implemented | J63: จริง | K63: 1) ใช้ประกาศนี้เป็นฐานจัดทำ Chemical Register / Inventory 2) ใช้เทียบชื่อสาร ชื่อการค้า Synonym และ CAS Number เพื่อป้องกันการตกหล่น 3) ใช้ประกอบการประเมินความเสี่ยง การจัดทำ SDS การติดฉลาก และการตรวจประเมินความสอดคล้อง 4) เชื่อมกับข้อกำหนด มรท.8001 เรื่องการเข้าถึงข้อมูลอันตราย การสื่อสารความปลอดภัย และการควบคุมสภาพแวดล้อมในการทำงาน | L63: Active | M63: 3
A64: ประกาศกรมสวัสดิการและคุ้มครองแรงงาน | B64: 63 | C64: กฎหมายความปลอดภัย อาชีวอนามัย และสภาพแวดล้อมในการทำงาน | E64: ประกาศกรมสวัสดิการและคุ้มครองแรงงาน เรื่อง แบบบัญชีรายชื่อสารเคมีอันตรายและรายละเอียดข้อมูลความปลอดภัยของสารเคมีอันตราย | F64: 41437 | G64: https://legal.labour.go.th/images/law/Safety2554/2/s_002.pdf | H64: ออกตามข้อ 2 วรรคแรก ของกฎกระทรวงเกี่ยวกับสารเคมีอันตราย พ.ศ. 2556 เพื่อกำหนด “แบบ” ที่นายจ้างต้องใช้ในการจัดทำบัญชีรายชื่อสารเคมีอันตรายและรายละเอียดข้อมูลความปลอดภัยของสารเคมีอันตรายให้เป็นมาตรฐานเดียวกัน ประกาศฉบับนี้กำหนดว่า แบบบัญชีรายชื่อสารเคมีอันตรายและรายละเอียดข้อมูลความปลอดภัยของสารเคมีอันตราย (สอ.1) ให้เป็นไปตามแบบท้ายประกาศ และใช้บังคับตั้งแต่วันถัดจากวันประกาศในราชกิจจานุเบกษาเป็นต้นไป แบบท้ายประกาศมีลักษณะเป็นแบบฟอร์มมาตรฐานสำหรับจัดเก็บข้อมูลสารเคมีอย่างเป็นระบบ ครอบคลุมหัวข้อสำคัญ เช่น 1) ข้อมูลระบุตัวสาร/ชื่อการค้า/สูตรเคมี/CAS No./ผู้ผลิตหรือผู้นำเข้า 2) การบ่งชี้ความเป็นอันตรายและองค์ประกอบตามฉลาก 3) องค์ประกอบและข้อมูลส่วนผสม 4) มาตรการปฐมพยาบาล 5) มาตรการผจญเพลิง 6) มาตรการจัดการเมื่อหกหรือรั่วไหล 7) การขนถ่าย เคลื่อนย้าย และการจัดเก็บ 8) การควบคุมการรับสัมผัสและการป้องกันส่วนบุคคล 9) คุณสมบัติทางกายภาพและเคมี 10) ความเสถียรและการไวต่อปฏิกิริยา 11) ข้อมูลพิษวิทยา/นิเวศวิทยา การกำจัด การขนส่ง และกฎหมายที่เกี่ยวข้อง ข้อมูลอื่นและการลงนามโดยนายจ้าง/ผู้แทน | I64: Implemented | J64: จริง | K64: 1) ใช้แบบ สอ.1 เป็นฐานจัดทำ ทะเบียนสารเคมีอันตราย / SDS file / document control 2) ผูกข้อมูลในแบบเข้ากับการประเมินความเสี่ยง การอบรม การเตรียมพร้อมฉุกเฉิน และการตรวจติดตามภายใน 3) ใช้เป็นหลักฐานประกอบการตรวจประเมิน มรท.8001 ว่าองค์กรมีข้อมูลอันตรายครบ เข้าถึงได้ และสื่อสารต่อผู้ปฏิบัติงานได้จริง 4) ใช้สนับสนุนการควบคุมผู้รับเหมาและพื้นที่ที่มีการใช้สารเคมีในสถานประกอบกิจการ | L64: Active | M64: 3
A65: กฎกระทรวง | B65: 64 | C65: กฎหมายความปลอดภัย อาชีวอนามัย และสภาพแวดล้อมในการทำงาน | E65: กฎกระทรวง กำหนดมาตรฐานในการบริหาร จัดการ และดำเนินการด้านความปลอดภัย อาชีวอนามัย และสภาพแวดล้อมในการทำงานเกี่ยวกับไฟฟ้า พ.ศ. 2558 | F65: 1/20/2015 | G65: https://legal.labour.go.th/images/law/Safety2554/2/s_005.pdf | H65: เหตุผลในการออกกฎกระทรวงฉบับนี้ คือ มาตรา 8 วรรคหนึ่ง แห่งพระราชบัญญัติความปลอดภัย อาชีวอนามัย และสภาพแวดล้อมในการทำงาน พ.ศ. 2554 ให้อำนาจรัฐมนตรีว่าการกระทรวงแรงงานออกกฎกระทรวงกำหนดมาตรฐานด้านความปลอดภัยฯ และเห็นว่าการทำงานเกี่ยวกับไฟฟ้าจำเป็นต้องมีระบบบริหาร จัดการ และดำเนินการด้านความปลอดภัยที่ได้มาตรฐาน เพื่อให้ลูกจ้างมีความปลอดภัยในการทำงานเกี่ยวกับไฟฟ้ามากยิ่งขึ้น กฎกระทรวงฉบับนี้เป็นกฎหมายลำดับรองภายใต้ พ.ร.บ.ความปลอดภัยฯ 2554 ที่กำหนดมาตรฐานเฉพาะเรื่อง การทำงานเกี่ยวกับไฟฟ้า ครอบคลุมทั้งข้อบังคับภายใน การฝึกอบรม แผนผังวงจรไฟฟ้า ป้ายเตือน ระยะปลอดภัย การใช้อุปกรณ์และ PPE การตรวจสอบบำรุงรักษาระบบไฟฟ้า บริภัณฑ์ไฟฟ้า เครื่องกำเนิดไฟฟ้า ระบบป้องกันฟ้าผ่า และการคุ้มครองลูกจ้างที่ทำงานเกี่ยวกับไฟฟ้าในสถานการณ์เสี่ยงต่าง ๆ | I65: Implemented | J65: จริง | K65: 1) บรรจุกฎหมายฉบับนี้ไว้ใน ทะเบียนกฎหมายและข้อกำหนด ของระบบ มรท.8001 2) จัดทำหรือทบทวน Electrical Safety Procedure / Work Instruction / Lockout/Tagout (LOTO) / Permit Control หรือระบบใบอนุญาตทำงาน (Permit to Work - PTW) ให้สอดคล้องกับกฎกระทรวงนี้ 3) จัด ฝึกอบรมลูกจ้างที่ปฏิบัติงานเกี่ยวกับไฟฟ้า และเก็บหลักฐานการอบรมอย่างเป็นระบบ 4) จัดทำและควบคุม Single Line Diagram / Circuit Diagram ให้เป็นปัจจุบันและตรวจสอบย้อนกลับได้ 5) ตรวจสอบความพร้อมของ ป้ายเตือน ระยะปลอดภัย PPE อุปกรณ์ฉนวน เครื่องกำเนิดไฟฟ้า ระบบป้องกันฟ้าผ่า และระบบตรวจบำรุงรักษาไฟฟ้า 6) ใช้กฎหมายนี้เป็นเกณฑ์ในการ internal audit, legal compliance evaluation, contractor control, incident investigation และ corrective action โดยเฉพาะงานติดตั้ง ซ่อม ตรวจสอบ และบำรุงรักษาไฟฟ้า 7) เชื่อมโยงกับการควบคุมผู้รับเหมาไฟฟ้าและผู้ปฏิบัติงานภายนอก เพื่อป้องกันการเข้าพื้นที่เสี่ยงโดยไม่มีมาตรการควบคุมที่เหมาะสม | L65: Active | M65: 3
A66: กฎกระทรวง | B66: 65 | C66: กฎหมายความปลอดภัย อาชีวอนามัย และสภาพแวดล้อมในการทำงาน | E66: กฎกระทรวง กำหนดมาตรฐานในการบริหาร จัดการ และดำเนินการด้านความปลอดภัย อาชีวอนามัย และสภาพแวดล้อมในการทำงานเกี่ยวกับความร้อน แสงสว่าง และเสียง พ.ศ. 2559 | F66: 10/17/2013 | G66: https://legal.labour.go.th/images/law/Safety2554/2/s_004.pdf | H66: เหตุผลในการออกกฎกระทรวงฉบับนี้ คือ มาตรา 8 วรรคหนึ่ง แห่งพระราชบัญญัติความปลอดภัย อาชีวอนามัย และสภาพแวดล้อมในการทำงาน พ.ศ. 2554 ให้อำนาจรัฐมนตรีว่าการกระทรวงแรงงานออกกฎกระทรวงกำหนดมาตรฐานด้านความปลอดภัยฯ และเห็นว่าการทำงานเกี่ยวกับความร้อน แสงสว่าง และเสียง จำเป็นต้องมีระบบการบริหาร จัดการ และดำเนินการที่ได้มาตรฐาน เพื่อให้ลูกจ้างมีความปลอดภัยในการทำงานมากยิ่งขึ้น เหตุผลในการออกกฎกระทรวงฉบับนี้ คือ มาตรา 8 วรรคหนึ่ง แห่งพระราชบัญญัติความปลอดภัย อาชีวอนามัย และสภาพแวดล้อมในการทำงาน พ.ศ. 2554 ให้อำนาจรัฐมนตรีว่าการกระทรวงแรงงานออกกฎกระทรวงกำหนดมาตรฐานด้านความปลอดภัยฯ และเห็นว่าการทำงานเกี่ยวกับความร้อน แสงสว่าง และเสียง จำเป็นต้องมีระบบการบริหาร จัดการ และดำเนินการที่ได้มาตรฐาน เพื่อให้ลูกจ้างมีความปลอดภัยในการทำงานมากยิ่งขึ้น | I66: Implemented | J66: จริง | K66: 1) บรรจุกฎหมายฉบับนี้ไว้ใน ทะเบียนกฎหมายและข้อกำหนด ของระบบ มรท.8001 2) จัดทำหรือทบทวน มาตรการควบคุมความร้อน แสงสว่าง และเสียง ให้ครอบคลุมทั้ง engineering control, administrative control และ PPE 3) จัดให้มี การตรวจวัดสภาวะการทำงาน ตามรอบและตามประเภทกิจการ พร้อมเก็บผลและรายงานตามที่กฎหมายกำหนด 4) จัดทำ แผนปรับปรุงเมื่อค่าตรวจวัดเกินมาตรฐาน และเก็บเอกสาร/หลักฐานไว้ตรวจสอบได้ 5) จัดระบบ hearing conservation program, การตรวจสุขภาพ และการเฝ้าระวังสุขภาพแรงงานที่เกี่ยวข้อง 6) ใช้กฎหมายนี้เป็นเกณฑ์ในการ internal audit, legal compliance evaluation, corrective action, training plan และ occupational health review ของระบบ มรท.8001 | L66: Active | M66: 3
A67: กฎกระทรวง | B67: 66 | C67: กฎหมายความปลอดภัย อาชีวอนามัย และสภาพแวดล้อมในการทำงาน | E67: กฎกระทรวง กำหนดมาตรฐานในการบริหาร จัดการ และดำเนินการด้านความปลอดภัย อาชีวอนามัย และสภาพแวดล้อมในการทำงานเกี่ยวกับที่อับอากาศ พ.ศ. 2562 | F67: 2/15/2019 | G67: https://legal.labour.go.th/images/law/Safety2554/2/s_00062.pdf | H67: เหตุผลในการออกกฎกระทรวงฉบับนี้ คือ มาตรา 8 วรรคหนึ่ง แห่งพระราชบัญญัติความปลอดภัย อาชีวอนามัย และสภาพแวดล้อมในการทำงาน พ.ศ. 2554 กำหนดให้นายจ้างบริหาร จัดการ และดำเนินการด้านความปลอดภัยให้เป็นไปตามมาตรฐานที่กำหนดในกฎกระทรวง และเห็นว่าการทำงานเกี่ยวกับ “ที่อับอากาศ” จำเป็นต้องมีระบบบริหาร จัดการ และดำเนินการที่ได้มาตรฐาน เพื่อให้ลูกจ้างและผู้เกี่ยวข้องมีความปลอดภัยมากยิ่งขึ้น จึงจำเป็นต้องออกกฎกระทรวงนี้ กฎกระทรวงฉบับนี้เป็นกฎหมายลำดับรองภายใต้ พ.ร.บ.ความปลอดภัยฯ 2554 ที่กำหนดมาตรฐานเฉพาะเรื่อง การทำงานในที่อับอากาศ (Confined Space) โดยครอบคลุมตั้งแต่นิยามสภาพอันตราย บรรยากาศอันตราย การประเมินอันตราย การตรวจวัดอากาศ การควบคุมงาน ผู้ช่วยเหลือ ระบบอนุญาตทำงาน และการฝึกอบรมผู้เกี่ยวข้องทั้งหมด | I67: Implemented | J67: จริง | K67: 1) บรรจุกฎหมายฉบับนี้ไว้ใน ทะเบียนกฎหมายและข้อกำหนด ของระบบ มรท.8001 2) จัดทำ Confined Space Procedure / Permit to Work / Rescue Plan / Emergency Plan ให้ครบถ้วน 3) ระบุและขึ้นทะเบียน พื้นที่อับอากาศ ทุกจุดในสถานประกอบกิจการ พร้อมติดป้ายเตือนให้ชัดเจน 4) จัดทำ การประเมินสภาพอันตรายและการตรวจวัดบรรยากาศ ก่อนเข้าและระหว่างทำงาน พร้อมเก็บบันทึกอย่างเป็นระบบ แต่งตั้งและอบรม ผู้อนุญาต ผู้ควบคุมงาน ผู้ช่วยเหลือ และผู้ปฏิบัติงาน ให้ตรงตามบทบาท 5) ควบคุม PPE, rescue equipment, communication device, fire protection, isolation/lockout และการปิดกั้นพลังงานหรือสารอันตรายจากภายนอก 6) ใช้กฎหมายนี้เป็นเกณฑ์ในการ internal audit, legal compliance evaluation, risk assessment, contractor control, corrective action และ emergency drill review ของระบบ มรท.8001 | L67: Active | M67: 3
A68: กฎกระทรวง | B68: 67 | C68: กฎหมายความปลอดภัย อาชีวอนามัย และสภาพแวดล้อมในการทำงาน | E68: กฎกระทรวง กำหนดมาตรฐานการตรวจสุขภาพลูกจ้างซึ่งทำงานเกี่ยวกับปัจจัยเสี่ยง พ.ศ. 2563 | F68: 43961 | G68: https://legal.labour.go.th/images/law/Safety2554/2/s_0030.pdf | H68: เหตุผลในการออกกฎกระทรวงฉบับนี้ คือ มาตรา 8 วรรคหนึ่ง แห่งพระราชบัญญัติความปลอดภัย อาชีวอนามัย และสภาพแวดล้อมในการทำงาน พ.ศ. 2554 กำหนดให้นายจ้างบริหาร จัดการ และดำเนินการด้านความปลอดภัยให้เป็นไปตามมาตรฐานที่กำหนดในกฎกระทรวง และเพื่อให้ลูกจ้างซึ่งทำงานเกี่ยวกับปัจจัยเสี่ยงมีความปลอดภัยในการทำงาน จึงสมควรกำหนดหลักเกณฑ์การตรวจสุขภาพของลูกจ้างกลุ่มดังกล่าวโดยเฉพาะ กฎกระทรวงฉบับนี้เป็นกฎหมายลำดับรองภายใต้ พ.ร.บ.ความปลอดภัยฯ 2554 ที่กำหนดมาตรฐานเรื่อง การตรวจสุขภาพลูกจ้างซึ่งทำงานเกี่ยวกับปัจจัยเสี่ยง โดยตรง และ ยกเลิกกฎกระทรวงเดิม พ.ศ. 2547 ที่ใช้เรื่องเดียวกัน | I68: Implemented | J68: จริง | K68: 1) บรรจุกฎหมายฉบับนี้ไว้ใน ทะเบียนกฎหมายและข้อกำหนด ของระบบ มรท.8001 2) ระบุให้ชัดว่าตำแหน่ง/งานใดเป็น งานเกี่ยวกับปัจจัยเสี่ยง 3) จัดทำ แผนตรวจสุขภาพตามปัจจัยเสี่ยง ตั้งแต่ก่อนเริ่มงาน ระหว่างงาน เปลี่ยนงาน และกลับเข้าทำงาน 4) ควบคุม รายชื่อพนักงานกลุ่มเสี่ยง, สมุดสุขภาพประจำตัว, บันทึกผลตรวจ, ระยะเวลาเก็บรักษาเอกสาร, และระบบแจ้งผลตรวจ 5) กำหนดขั้นตอน จัดงานให้เหมาะสม / fit to work /กลับมาทำงาน / return to work / การเปลี่ยนงาน / job transfer สำหรับลูกจ้างที่มีข้อจำกัดด้านสุขภาพ 6) ใช้กฎหมายนี้เป็นเกณฑ์ในการ internal audit, legal compliance evaluation, occupational health review และ corrective action 7) เชื่อมโยงกับการประเมินความเสี่ยงจากสารเคมี เสียง ความร้อน แสง รังสี ฝุ่น และปัจจัยคุกคามอื่นในสถานประกอบกิจการ เพื่อให้การตรวจสุขภาพสอดคล้องกับความเสี่ยงจริง | L68: Active | M68: 3
A69: กฎกระทรวง | B69: 68 | C69: กฎหมายความปลอดภัย อาชีวอนามัย และสภาพแวดล้อมในการทำงาน | E69: กฎกระทรวง กำหนดมาตรฐานในการบริหาร จัดการ และดำเนินการด้านความปลอดภัย อาชีวอนามัย และสภาพแวดล้อมในการทำงานเกี่ยวกับนั่งร้านและค้ำยัน พ.ศ. 2564 | F69: 44199 | G69: https://legal.labour.go.th/images/law/Safety2554/2/T_0011.pdf | H69: เหตุผลในการออกกฎกระทรวงฉบับนี้ คือ มาตรา 8 วรรคหนึ่ง แห่งพระราชบัญญัติความปลอดภัย อาชีวอนามัย และสภาพแวดล้อมในการทำงาน พ.ศ. 2544 กำหนดให้นายจ้างบริหาร จัดการ และดำเนินการด้านความปลอดภัยให้เป็นไปตามมาตรฐานที่กำหนดในกฎกระทรวง และเพื่อให้การทำงานเกี่ยวกับนั่งร้านและค้ำยันมีมาตรฐาน อันจะทำให้ลูกจ้างมีความปลอดภัยในการทำงานมากขึ้น จึงจำเป็นต้องออกกฎกระทรวงนี้ กฎกระทรวงฉบับนี้เป็นกฎหมายลำดับรองภายใต้ พ.ร.บ.ความปลอดภัยฯ 2554 ที่กำหนดมาตรฐานเฉพาะเรื่อง นั่งร้านและค้ำยัน สำหรับงานก่อสร้าง งานติดตั้ง และงานซ่อมบำรุง โดยกำหนดทั้งเรื่องอุปกรณ์คุ้มครอง ข้อบังคับการทำงาน เขตอันตราย ป้ายเตือน การใช้งานตามคู่มือ การคำนวณออกแบบโดยวิศวกร การตรวจสอบก่อนใช้งาน และเงื่อนไขด้านความมั่นคงแข็งแรงของค้ำยันอย่างชัดเจน | I69: Implemented | J69: จริง | K69: 1) บรรจุกฎหมายฉบับนี้ไว้ใน ทะเบียนกฎหมายและข้อกำหนด ของระบบ มรท.8001 2) จัดทำ Scaffold / Shoring Procedure, วิธีปฏิบัติงาน, ข้อบังคับ, และแบบฟอร์มตรวจสอบก่อนใช้งานให้ครบถ้วน 3) ควบคุมให้มี วิศวกรคำนวณ ออกแบบ และควบคุม ในกรณีที่กฎหมายกำหนด 4) จัดทำระบบ inspection ก่อนใช้งาน ระหว่างใช้งาน และการซ่อมแซมปรับปรุง พร้อมบันทึกผล 5) ควบคุม เขตอันตราย ป้ายเตือน การกั้นพื้นที่ วัสดุตกหล่น และผู้ไม่เกี่ยวข้อง ให้เป็นรูปธรรม 7) อบรมลูกจ้างและผู้รับเหมาเกี่ยวกับ การใช้นั่งร้าน ค้ำยัน PPE และข้อห้ามในสภาพอากาศ/สภาพงานที่ไม่ปลอดภัย 8) ใช้กฎหมายนี้เป็นเกณฑ์ในการ internal audit, legal compliance evaluation, contractor control, work-at-height review และ corrective action ของระบบ มรท.8001 | L69: Active | M69: 3
A70: กฎกระทรวง | B70: 69 | C70: กฎหมายความปลอดภัย อาชีวอนามัย และสภาพแวดล้อมในการทำงาน | E70: กฎกระทรวง กำหนดมาตรฐานในการบริหาร จัดการ และดำเนินการด้านความปลอดภัย อาชีวอนามัย และสภาพแวดล้อมในการทำงาน ในสถานที่ที่มีอันตรายจากการตกจากที่สูงและที่ลาดชัน จากวัสดุกระเด็น ตกหล่น และพังทลาย และจากการตกลงไปในภาชนะเก็บหรือรองรับวัสดุ พ.ศ. 2564 | F70: 44230 | G70: https://legal.labour.go.th/images/law/Safety2554/2/S_0051.pdf | H70: เหตุผลในการออกกฎกระทรวงฉบับนี้ คือ นายจ้างอาจให้ลูกจ้างทำงานในสถานที่ที่มีอันตรายจากการตกจากที่สูงและที่ลาดชัน จากวัสดุกระเด็น ตกหล่น และพังทลาย รวมถึงการตกลงไปในภาชนะเก็บหรือรองรับวัสดุ ซึ่งอาจก่ออันตรายแก่ลูกจ้างได้ และมาตรา 8 วรรคหนึ่ง แห่งพระราชบัญญัติความปลอดภัย อาชีวอนามัย และสภาพแวดล้อมในการทำงาน พ.ศ. 2554 กำหนดให้นายจ้างต้องบริหาร จัดการ และดำเนินการด้านความปลอดภัยให้เป็นไปตามมาตรฐานที่กำหนดในกฎกระทรวง จึงจำเป็นต้องออกกฎกระทรวงนี้ กฎกระทรวงฉบับนี้เป็นกฎหมายลำดับรองภายใต้ พ.ร.บ.ความปลอดภัยฯ 2554 ที่กำหนดมาตรฐานเฉพาะเกี่ยวกับ การทำงานในที่สูงและที่ลาดชัน, การป้องกันวัสดุกระเด็น ตกหล่น และพังทลาย, และ การป้องกันการตกลงไปในถัง บ่อ กรวย หรือภาชนะเก็บ/รองรับวัสดุ โดยกำหนดหน้าที่นายจ้างไว้อย่างเป็นระบบตั้งแต่ข้อบังคับการทำงาน อุปกรณ์ป้องกัน PPE การตรวจสอบ การกั้นเขตอันตราย ไปจนถึงมาตรการป้องกันเฉพาะตามลักษณะงาน | I70: Implemented | J70: จริง | K70: 1) บรรจุกฎหมายฉบับนี้ไว้ใน ทะเบียนกฎหมาย ตามข้อกำหนด มรท.8001 ข้อ 4.1.6 2) จัดทำ Work at Height Procedure / Fall Protection Procedure / Material Falling Prevention Procedure ให้ครอบคลุมลักษณะงานตามกฎกระทรวงนี้ 3) จัดให้มี การระบุอันตราย การประเมินความเสี่ยง การวางแผนงาน และมาตรการควบคุม ก่อนเริ่มงานทุกครั้ง 4) ควบคุม PPE, จุดยึดตรึง, ราวกันตก, ตาข่ายนิรภัย, บันได, นั่งร้าน, เขตอันตราย และป้ายเตือน ให้พร้อมใช้งานและตรวจสอบได้ 5) ใช้กฎหมายนี้เป็นเกณฑ์ในการ internal audit, legal compliance evaluation, contractor control, work-at-height permit review, corrective action และ toolbox talk 6) ทบทวนความเชื่อมโยงกับงานก่อสร้าง งานซ่อมบำรุง งานลำเลียงวัสดุ และงานใกล้ถัง/บ่อ เพื่อป้องกันอุบัติเหตุจากการตก การถูกวัสดุหล่นใส่ และการพังทลายของโครงสร้างหรือกองวัสดุ | L70: Active | M70: 3
A71: กฎกระทรวง | B71: 70 | C71: กฎหมายความปลอดภัย อาชีวอนามัย และสภาพแวดล้อมในการทำงาน | E71: กฎกระทรวง กำหนดมาตรฐานในการบริหาร จัดการ และดำเนินการด้านความปลอดภัย อาชีวอนามัย และสภาพแวดล้อมในการทำงานเกี่ยวกับเครื่องจักร ปั้นจั่น และหม้อน้ำ พ.ศ. 2564 | F71: 44355 | G71: https://legal.labour.go.th/images/law/Safety2554/2/S_0038.pdf | H71: เหตุผลในการออกกฎกระทรวงฉบับนี้ คือ มาตรา ๘ วรรคหนึ่ง แห่งพระราชบัญญัติความปลอดภัย อาชีวอนามัย และสภาพแวดล้อมในการทำงาน พ.ศ. ๒๕๕๔ กำหนดให้นายจ้างบริหาร จัดการ และดำเนินการด้านความปลอดภัยให้เป็นไปตามมาตรฐานที่กำหนดในกฎกระทรวง และเพื่อให้การทำงานเกี่ยวกับเครื่องจักร ปั้นจั่น และหม้อน้ำมีมาตรฐาน อันจะทำให้ลูกจ้างมีความปลอดภัยในการทำงานมากขึ้น จึงจำเป็นต้องออกกฎกระทรวงนี้ เหตุผลในการออกกฎกระทรวงฉบับนี้ คือ มาตรา ๘ วรรคหนึ่ง แห่งพระราชบัญญัติความปลอดภัย อาชีวอนามัย และสภาพแวดล้อมในการทำงาน พ.ศ. ๒๕๕๔ กำหนดให้นายจ้างบริหาร จัดการ และดำเนินการด้านความปลอดภัยให้เป็นไปตามมาตรฐานที่กำหนดในกฎกระทรวง และเพื่อให้การทำงานเกี่ยวกับเครื่องจักร ปั้นจั่น และหม้อน้ำมีมาตรฐาน อันจะทำให้ลูกจ้างมีความปลอดภัยในการทำงานมากขึ้น จึงจำเป็นต้องออกกฎกระทรวงนี้ | I71: Implemented | J71: จริง | K71: 1) บรรจุกฎหมายฉบับนี้ไว้ใน ทะเบียนกฎหมายตามข้อกำหนด มรท.8001 ข้อ 4.1.6 2) จัดทำหรือทบทวน Machine Safety Procedure, Crane/Lifting Procedure, Forklift Procedure, Lift Procedure, Boiler & Pressure Vessel Procedure, Welding Safety Procedure ให้สอดคล้องกับข้อกำหนดใหม่ 3) ควบคุมให้มี คู่มือใช้งาน รายละเอียดคุณลักษณะ การตรวจสอบ การทดสอบ และเอกสารรับรองโดยวิศวกร ตามกรณีที่กฎหมายกำหนด 4) จัดให้มี การอบรมเฉพาะบทบาท เช่น ผู้ขับรถยก ผู้บังคับปั้นจั่น ผู้ให้สัญญาณ ผู้ยึดเกาะวัสดุ ผู้ควบคุมหม้อน้ำ ผู้ปฏิบัติงานเครื่องเชื่อม และผู้ทำงานกับเครื่องจักรอันตราย 5) วางระบบ inspection / maintenance / annual testing / notification / record retention สำหรับเครื่องจักร ปั้นจั่น ลิฟต์ รอก หม้อน้ำ และภาชนะรับความดัน 6) จัดทำ lifting plan / risk assessment / hazard identification / lockout-tagout / emergency response / confined space linkage ตามลักษณะงาน 7) ใช้กฎหมายฉบับนี้เป็นเกณฑ์ในการ internal audit, legal compliance evaluation, contractor control, permit review, incident investigation และ corrective action ของระบบ มรท.8001 | L71: Active | M71: 3
A72: กฎกระทรวง | B72: 71 | C72: กฎหมายความปลอดภัย อาชีวอนามัย และสภาพแวดล้อมในการทำงาน | E72: กฎกระทรวง กำหนดมาตรฐานการทำงานเกี่ยวกับรังสี พ.ศ. 2564 | F72: 44267 | G72: https://legal.labour.go.th/images/law/Safety2554/2/T_0016.pdf | H72: เหตุผลในการออกกฎกระทรวงฉบับนี้ คือ มาตรา 8 วรรคหนึ่ง แห่งพระราชบัญญัติความปลอดภัย อาชีวอนามัย และสภาพแวดล้อมในการทำงาน พ.ศ. 2554 กำหนดให้นายจ้างบริหาร จัดการ และดำเนินการด้านความปลอดภัยให้เป็นไปตามมาตรฐานที่กำหนดในกฎกระทรวง และเพื่อให้การทำงานเกี่ยวกับรังสีมีมาตรฐาน อันจะทำให้ลูกจ้างมีความปลอดภัยในการทำงานมากขึ้น จึงจำเป็นต้องออกกฎกระทรวงนี้ กฎกระทรวงฉบับนี้เป็นกฎหมายลำดับรองภายใต้ พ.ร.บ.ความปลอดภัยฯ ๒๕๕๔ ที่กำหนดมาตรฐานเฉพาะเรื่อง การทำงานเกี่ยวกับรังสี และ ยกเลิกกฎกระทรวงเดิม พ.ศ. 2547 ที่ใช้กับรังสีชนิดก่อไอออน โดยขยายกรอบการควบคุมให้เชื่อมโยงกับกฎหมายว่าด้วยพลังงานนิวเคลียร์เพื่อสันติอย่างชัดเจน | I72: Implemented | J72: จริง | K72: 1) บรรจุกฎหมายฉบับนี้ไว้ใน ทะเบียนกฎหมายและข้อกำหนด มรท.8001 ข้อ 4.1.6 2) จัดทำ Radiation Safety Procedure, ข้อบังคับการทำงาน, แนวปฏิบัติ, และเอกสารแจ้งเตือนหลายภาษาให้เหมาะกับแรงงานในพื้นที่ 3) ระบุและควบคุม พื้นที่ควบคุม (Controlled Area) ให้ชัดเจน พร้อมระบบอนุญาตเข้าออกและการสื่อสารข้อห้าม 4) จัดทำระบบ dose monitoring, การเก็บข้อมูลปริมาณรังสีสะสม, การแจ้งผลให้ลูกจ้าง, และการรายงานกรณีเกินเกณฑ์ 5) แต่งตั้งและกำหนดบทบาทของ เจ้าหน้าที่ความปลอดภัยทางรังสี/เจ้าหน้าที่เทคนิค/จป.หัวหน้างาน ให้ครบตามประเภทต้นกำเนิดรังสี 6) จัดทำ Emergency Response Plan และฝึกซ้อมอย่างน้อยปีละ ๑ ครั้ง พร้อมทดสอบสัญญาณฉุกเฉินตามรอบกฎหมาย 7) ควบคุม PPE, personal dosimeter, hygiene facility, decontamination, radioactive waste handling และการหยุดงานเมื่อพบการไม่ปฏิบัติตาม 8) ใช้กฎหมายนี้เป็นเกณฑ์ในการ internal audit, legal compliance evaluation, occupational health review, contractor control, incident response และ corrective action ของระบบ มรท.8001 | L72: Active | M72: 3
A73: กฎกระทรวง | B73: 72 | C73: กฎหมายความปลอดภัย อาชีวอนามัย และสภาพแวดล้อมในการทำงาน | E73: กฎกระทรวง การจัดให้มีเจ้าหน้าที่ความปลอดภัยในการทำงาน บุคลากร หน่วยงาน หรือคณะบุคคลเพื่อดำเนินการด้านความปลอดภัยในสถานประกอบกิจการ พ.ศ. 2565 | F73: 6/17/2024 | G73: https://legal.labour.go.th/images/law/Safety2554/2/T_00091.pdf | H73: เหตุผลในการออกกฎกระทรวงฉบับนี้ คือ มาตรา 13 แห่งพระราชบัญญัติความปลอดภัย อาชีวอนามัย และสภาพแวดล้อมในการทำงาน พ.ศ. 2554 บัญญัติให้นายจ้างต้องจัดให้มีเจ้าหน้าที่ความปลอดภัยในการทำงาน บุคลากร หน่วยงาน หรือคณะบุคคลเพื่อดำเนินการด้านความปลอดภัยในสถานประกอบกิจการ และให้มีการขึ้นทะเบียนต่อกรมสวัสดิการและคุ้มครองแรงงาน จึงจำเป็นต้องกำหนดหลักเกณฑ์ วิธีการ และเงื่อนไขให้ชัดเจน เพื่อเป็นกลไกสำคัญในการกำกับ ดูแล และบริหารจัดการด้านความปลอดภัยในสถานประกอบกิจการให้มีประสิทธิภาพยิ่งขึ้น กฎกระทรวงฉบับนี้เป็นกฎหมายลำดับรองภายใต้ พ.ร.บ.ความปลอดภัยฯ 2554 ที่กำหนดระบบการจัดให้มี เจ้าหน้าที่ความปลอดภัยในการทำงาน (จป.), คณะกรรมการความปลอดภัย, และ หน่วยงานความปลอดภัย ในสถานประกอบกิจการอย่างเป็นระบบ และ ยกเลิกกฎกระทรวงเดิม พ.ศ. 2549 | I73: Implemented | J73: จริง | K73: 1) ทบทวนว่าองค์กรอยู่ใน บัญชี 1, 2 หรือ 3 และมีจำนวนลูกจ้างถึงเกณฑ์ใด เพื่อกำหนดว่าต้องมี จป.ระดับใด คณะกรรมการความปลอดภัย หรือหน่วยงานความปลอดภัยหรือไม่ 2) จัดทำ โครงสร้างบทบาทหน้าที่ด้านความปลอดภัย ให้ชัดเจน เช่น จป.หัวหน้างาน จป.บริหาร จป.วิชาชีพ คณะกรรมการความปลอดภัย และผู้บริหารหน่วยงานความปลอดภัย 3) จัดทำ/ปรับปรุง Job Description, Appointment Letter, Training Matrix, Competency Record, Registration Record, Meeting Record, Safety Report ให้ครบถ้วน 4) ใช้ข้อกำหนดนี้เชื่อมกับ นโยบายด้านความปลอดภัย การประเมินความเสี่ยง การอบรม การสอบสวนอุบัติเหตุ การติดตามผล และการทบทวนฝ่ายบริหาร 5) บรรจุประเด็นนี้ไว้ใน internal audit / legal compliance evaluation / management review เพราะเป็นข้อกำหนดเชิงระบบที่ตรวจพบได้ชัดจากเอกสารและหลักฐานการดำเนินงาน 6) สำหรับ มรท.8001 ข้อกำหนดนี้ช่วยเสริมมิติ Leadership, Responsibility, Worker Participation, Training, Documented Information, Compliance Evaluation และ Continual Improvement ได้อย่างชัดเจน | L73: Active | M73: 3
A74: กฎกระทรวง | B74: 73 | C74: กฎหมายความปลอดภัย อาชีวอนามัย และสภาพแวดล้อมในการทำงาน | E74: กฎกระทรวง กำหนดมาตรฐานเกี่ยวกับระบบการจัดการด้านความปลอดภัย พ.ศ. 2565 | F74: 44869 | G74: https://legal.labour.go.th/images/law/Safety2554/2/T_0015.pdf | H74: เหตุผลในการออกกฎกระทรวงฉบับนี้ คือ มาตรา ๘ วรรคหนึ่ง แห่งพระราชบัญญัติความปลอดภัย อาชีวอนามัย และสภาพแวดล้อมในการทำงาน พ.ศ. ๒๕๕๔ กำหนดให้นายจ้างต้องบริหาร จัดการ และดำเนินการด้านความปลอดภัยให้เป็นไปตามมาตรฐานที่กำหนดในกฎกระทรวง และเห็นว่า “ระบบการจัดการด้านความปลอดภัย” เป็นกลไกสำคัญที่จะทำให้การบริหารและการจัดการด้านความปลอดภัย อาชีวอนามัย และสภาพแวดล้อมในการทำงานของสถานประกอบกิจการเป็นไปอย่างมีระบบ มีประสิทธิภาพ และมีการทบทวน ปรับปรุง แก้ไขอย่างต่อเนื่อง เพื่อให้ลูกจ้างมีความปลอดภัยในการทำงานยิ่งขึ้น จึงจำเป็นต้องออกกฎกระทรวงนี้ กฎกระทรวงฉบับนี้เป็นกฎหมายลำดับรองภายใต้ พ.ร.บ.ความปลอดภัยฯ 2554 ที่กำหนดให้นายจ้างของสถานประกอบกิจการตาม “บัญชีท้ายกฎกระทรวง” ซึ่งมีลูกจ้างตั้งแต่ 50 คนขึ้นไป ต้องจัดให้มี ระบบการจัดการด้านความปลอดภัย ภายใน 60 วันนับแต่วันที่มีลูกจ้างครบเกณฑ์ และได้ ยกเลิกกฎกระทรวงกำหนดมาตรฐานในการบริหารและการจัดการด้านความปลอดภัย อาชีวอนามัย และสภาพแวดล้อมในการทำงาน (ฉบับที่ 2) พ.ศ. 2553 | I74: Implemented | J74: จริง | K74: 1) ตรวจสอบก่อนว่าองค์กรอยู่ใน บัญชีท้ายกฎกระทรวง และมีลูกจ้างถึงเกณฑ์ 50 คนขึ้นไปหรือไม่ 2) จัดทำหรือทบทวน นโยบายความปลอดภัย, โครงสร้างความรับผิดชอบ, แผนงาน OHS, ระบบติดตามผล, การทบทวนฝ่ายบริหาร, และ กลไกรับข้อเสนอแนะ/ข้อร้องเรียน ให้เชื่อมโยงเป็นระบบเดียวกัน 3) จัดทำ เอกสารระบบ, บันทึกการทบทวน, แผนปฏิบัติการ, หลักฐานการสื่อสารและการมีส่วนร่วมของลูกจ้าง, และ หลักฐานการปรับปรุงระบบ ให้ตรวจสอบได้ 4) ผูกกฎหมายฉบับนี้เข้ากับ internal audit, legal compliance evaluation, management review, corrective action และ continual improvement ในระบบ มรท.8001 5) หากองค์กรใช้ ISO 45001 หรือมาตรฐานเทียบเท่าอยู่แล้ว ควรตรวจเทียบช่องว่างกับข้อกำหนดของกฎกระทรวงนี้ เพื่อใช้เป็นหลักฐานรองรับความสอดคล้องทางกฎหมายให้ชัดเจนขึ้น | L74: Active | M74: 3
A75: กฎกระทรวง | B75: 74 | C75: กฎหมายความปลอดภัย อาชีวอนามัย และสภาพแวดล้อมในการทำงาน | E75: กฎกระทรวง การอนุญาตเป็นผู้ชำนาญการด้านความปลอดภัย อาชีวอนามัย และสภาพแวดล้อมในการทำงาน พ.ศ. 2567 | F75: 11/20/2024 | G75: https://legal.labour.go.th/images/law/Safety2554/2567/Safety_14-11-67.pdf | H75: เหตุผลในการออกกฎกระทรวงฉบับนี้ คือ พระราชบัญญัติความปลอดภัย อาชีวอนามัย และสภาพแวดล้อมในการทำงาน พ.ศ. 2554 กำหนดให้ต้องมีหลักเกณฑ์เรื่องการขอใบอนุญาต การออกใบอนุญาต คุณสมบัติของผู้ชำนาญการ การควบคุมการปฏิบัติงานของผู้ได้รับใบอนุญาต การต่ออายุใบอนุญาต การออกใบแทนใบอนุญาต การสั่งพักใช้ การเพิกถอนใบอนุญาต และค่าธรรมเนียมของ “ผู้ชำนาญการด้านความปลอดภัย อาชีวอนามัย และสภาพแวดล้อมในการทำงาน” จึงจำเป็นต้องออกกฎกระทรวงนี้เพื่อกำหนดระบบดังกล่าวให้ชัดเจนและใช้บังคับได้จริง กฎกระทรวงฉบับนี้เป็นกฎหมายลำดับรองภายใต้ พ.ร.บ.ความปลอดภัยฯ 2554 ที่กำหนดระบบ “ใบอนุญาตผู้ชำนาญการด้านความปลอดภัย อาชีวอนามัย และสภาพแวดล้อมในการทำงาน” อย่างครบวงจร ตั้งแต่การขอรับใบอนุญาต การตรวจคุณสมบัติ การฝึกอบรม/การประเมิน การออกใบอนุญาต การต่ออายุ การออกใบแทน การพักใช้และเพิกถอน รวมทั้งการควบคุมการปฏิบัติงานและค่าธรรมเนียม | I75: Implemented | J75: จริง | K75: 1) ทบทวนทะเบียนกฎหมายให้ครอบคลุมกฎกระทรวงฉบับนี้ โดยเฉพาะองค์กรที่ต้องใช้ผู้ชำนาญการภายนอกหรือบุคลากรภายในที่ต้องขึ้นเป็นผู้ชำนาญการตามกฎหมาย 2) ตรวจสอบคุณสมบัติ สถานะใบอนุญาต อายุใบอนุญาต การต่ออายุ และหลักฐานการพัฒนาความรู้ของผู้ชำนาญการที่องค์กรใช้ เพื่อป้องกันการใช้บุคคลที่ไม่มีสิทธิหรือใบอนุญาตหมดอายุ 3) ควบคุมเอกสารสำคัญ เช่น คำสั่งแต่งตั้ง/ว่าจ้าง สำเนาใบอนุญาต รายงานผลการปฏิบัติงาน หนังสือรับรอง ผลการประเมินอันตราย แผนงานด้านความปลอดภัย และหลักฐานการแจ้งต่ออธิบดี ให้พร้อมตรวจสอบ 4) ใช้กฎหมายฉบับนี้เชื่อมกับระบบ มรท.8001 ในเรื่องการคัดเลือกผู้มีความสามารถ การประเมินความสอดคล้องตามกฎหมาย การตรวจติดตามภายใน และการควบคุมผู้รับจ้าง/ที่ปรึกษาด้านความปลอดภัย 5) หากองค์กรมี จป. ระดับเทคนิค/เทคนิคขั้นสูง/วิชาชีพ ที่จะพัฒนาไปเป็นผู้ชำนาญการ ควรจัดทำแผนพัฒนาความสามารถและเส้นทางคุณวุฒิให้ชัดเจน เพื่อใช้ทั้งเชิง compliance และเชิงพัฒนาระบบความปลอดภัยขององค์กร | L75: Active | M75: 3

Sheet Summary_KPI
A1: Summary KPI
A2: Metric | B2: Value | C2: Definition
A3: Total Legal Requirements | B3: =COUNTA(Data_Helper!$C$2:$C$75) -> 74 | C3: จำนวนรายการข้อกำหนดทั้งหมดในไฟล์
A4: Active Laws / Regulations | B4: =SUM(Data_Helper!$Q$2:$Q$75) -> 71 | C4: จำนวนรายการที่ Legal Validity Status = Active
A5: Implemented | B5: =SUM(Data_Helper!$N$2:$N$75) -> 69 | C5: จำนวนรายการที่ Compliance Implementation Status = Implemented
A6: Under Review | B6: =COUNTIF(Data_Helper!$I$2:$I$75,"Under Review") -> 1 | C6: จำนวนรายการที่สถานะอยู่ระหว่างทบทวน
A7: Evaluated | B7: =SUM(Data_Helper!$P$2:$P$75) -> 4 | C7: จำนวนรายการที่ Compliance Implementation Status = Evaluated
A8: Blank Status | B8: =COUNTIF(Data_Helper!$I$2:$I$75,"") -> 0 | C8: จำนวนรายการที่สถานะการดำเนินการว่าง
A9: Inactive Laws | B9: =SUM(Data_Helper!$R$2:$R$75) -> 3 | C9: จำนวนรายการที่ Legal Validity Status = Inactive
A10: Blank Validity | B10: =SUM(Data_Helper!$S$2:$S$75) -> 0 | C10: จำนวนรายการที่สถานะความมีผลใช้บังคับว่าง
A11: Active Pending | B11: =SUM(Data_Helper!$T$2:$T$75) -> 3 | C11: จำนวนรายการ Active แต่ยังไม่ Implemented
A12: Implemented % | B12: =B5/B3 -> 0.93243243 | C12: Implemented / Total Legal Requirements
A13: Top Exposure Category | B13: =INDEX(Summary_Category!$A$3:$A$9,MATCH(MAX(Summary_Category!$B$3:$B$9),Summary_Category!$B$3:$B$9,0)) -> กฎหมายคุ้มครองแรงงาน | C13: หมวดกฎหมายที่มีจำนวนรายการมากที่สุด
A14: Top Exposure Count | B14: =MAX(Summary_Category!$B$3:$B$9) -> 28 | C14: จำนวนรายการของหมวดที่มากที่สุด

Sheet Summary_Category
A1: Summary by Category
A2: Category | B2: Count | C2: % | D2: Active | E2: Implemented | F2: Under Review | G2: Evaluated | H2: Active Pending | I2: Notes
A3: กฎหมายคุ้มครองแรงงาน | B3: =COUNTIF(Data_Helper!$D$2:$D$75,A3) -> 28 | C3: =B3/Summary_KPI!$B$3 -> 0.37837838 | D3: =COUNTIFS(Data_Helper!$D$2:$D$75,A3,Data_Helper!$K$2:$K$75,"Active") -> 26 | E3: =COUNTIFS(Data_Helper!$D$2:$D$75,A3,Data_Helper!$I$2:$I$75,"Implemented") -> 25 | F3: =COUNTIFS(Data_Helper!$D$2:$D$75,A3,Data_Helper!$I$2:$I$75,"Under Review") -> 0 | G3: =COUNTIFS(Data_Helper!$D$2:$D$75,A3,Data_Helper!$I$2:$I$75,"Evaluated") -> 3 | H3: =COUNTIFS(Data_Helper!$D$2:$D$75,A3,Data_Helper!$K$2:$K$75,"Active",Data_Helper!$I$2:$I$75,"<>Implemented") -> 2 | I3: Priority follow-up; Inactive 2
A4: กฎหมายความปลอดภัย อาชีวอนามัย และสภาพแวดล้อมในการทำงาน | B4: =COUNTIF(Data_Helper!$D$2:$D$75,A4) -> 17 | C4: =B4/Summary_KPI!$B$3 -> 0.22972973 | D4: =COUNTIFS(Data_Helper!$D$2:$D$75,A4,Data_Helper!$K$2:$K$75,"Active") -> 17 | E4: =COUNTIFS(Data_Helper!$D$2:$D$75,A4,Data_Helper!$I$2:$I$75,"Implemented") -> 17 | F4: =COUNTIFS(Data_Helper!$D$2:$D$75,A4,Data_Helper!$I$2:$I$75,"Under Review") -> 0 | G4: =COUNTIFS(Data_Helper!$D$2:$D$75,A4,Data_Helper!$I$2:$I$75,"Evaluated") -> 0 | H4: =COUNTIFS(Data_Helper!$D$2:$D$75,A4,Data_Helper!$K$2:$K$75,"Active",Data_Helper!$I$2:$I$75,"<>Implemented") -> 0 | I4: Controlled
A5: กฎหมายประกันสังคม | B5: =COUNTIF(Data_Helper!$D$2:$D$75,A5) -> 15 | C5: =B5/Summary_KPI!$B$3 -> 0.2027027 | D5: =COUNTIFS(Data_Helper!$D$2:$D$75,A5,Data_Helper!$K$2:$K$75,"Active") -> 14 | E5: =COUNTIFS(Data_Helper!$D$2:$D$75,A5,Data_Helper!$I$2:$I$75,"Implemented") -> 14 | F5: =COUNTIFS(Data_Helper!$D$2:$D$75,A5,Data_Helper!$I$2:$I$75,"Under Review") -> 1 | G5: =COUNTIFS(Data_Helper!$D$2:$D$75,A5,Data_Helper!$I$2:$I$75,"Evaluated") -> 0 | H5: =COUNTIFS(Data_Helper!$D$2:$D$75,A5,Data_Helper!$K$2:$K$75,"Active",Data_Helper!$I$2:$I$75,"<>Implemented") -> 0 | I5: Archive review 1
A6: กฎหมายจัดหางาน | B6: =COUNTIF(Data_Helper!$D$2:$D$75,A6) -> 6 | C6: =B6/Summary_KPI!$B$3 -> 0.081081081 | D6: =COUNTIFS(Data_Helper!$D$2:$D$75,A6,Data_Helper!$K$2:$K$75,"Active") -> 6 | E6: =COUNTIFS(Data_Helper!$D$2:$D$75,A6,Data_Helper!$I$2:$I$75,"Implemented") -> 6 | F6: =COUNTIFS(Data_Helper!$D$2:$D$75,A6,Data_Helper!$I$2:$I$75,"Under Review") -> 0 | G6: =COUNTIFS(Data_Helper!$D$2:$D$75,A6,Data_Helper!$I$2:$I$75,"Evaluated") -> 0 | H6: =COUNTIFS(Data_Helper!$D$2:$D$75,A6,Data_Helper!$K$2:$K$75,"Active",Data_Helper!$I$2:$I$75,"<>Implemented") -> 0 | I6: Upcoming monitoring
A7: กฎหมายพัฒนาฝีมือแรงงาน | B7: =COUNTIF(Data_Helper!$D$2:$D$75,A7) -> 5 | C7: =B7/Summary_KPI!$B$3 -> 0.067567568 | D7: =COUNTIFS(Data_Helper!$D$2:$D$75,A7,Data_Helper!$K$2:$K$75,"Active") -> 5 | E7: =COUNTIFS(Data_Helper!$D$2:$D$75,A7,Data_Helper!$I$2:$I$75,"Implemented") -> 5 | F7: =COUNTIFS(Data_Helper!$D$2:$D$75,A7,Data_Helper!$I$2:$I$75,"Under Review") -> 0 | G7: =COUNTIFS(Data_Helper!$D$2:$D$75,A7,Data_Helper!$I$2:$I$75,"Evaluated") -> 0 | H7: =COUNTIFS(Data_Helper!$D$2:$D$75,A7,Data_Helper!$K$2:$K$75,"Active",Data_Helper!$I$2:$I$75,"<>Implemented") -> 0 | I7: Controlled
A8: กฎหมาย อื่น ๆ | B8: =COUNTIF(Data_Helper!$D$2:$D$75,A8) -> 2 | C8: =B8/Summary_KPI!$B$3 -> 0.027027027 | D8: =COUNTIFS(Data_Helper!$D$2:$D$75,A8,Data_Helper!$K$2:$K$75,"Active") -> 2 | E8: =COUNTIFS(Data_Helper!$D$2:$D$75,A8,Data_Helper!$I$2:$I$75,"Implemented") -> 1 | F8: =COUNTIFS(Data_Helper!$D$2:$D$75,A8,Data_Helper!$I$2:$I$75,"Under Review") -> 0 | G8: =COUNTIFS(Data_Helper!$D$2:$D$75,A8,Data_Helper!$I$2:$I$75,"Evaluated") -> 1 | H8: =COUNTIFS(Data_Helper!$D$2:$D$75,A8,Data_Helper!$K$2:$K$75,"Active",Data_Helper!$I$2:$I$75,"<>Implemented") -> 1 | I8: Priority follow-up
A9: กฎหมายแรงงานสัมพันธ์ | B9: =COUNTIF(Data_Helper!$D$2:$D$75,A9) -> 1 | C9: =B9/Summary_KPI!$B$3 -> 0.013513514 | D9: =COUNTIFS(Data_Helper!$D$2:$D$75,A9,Data_Helper!$K$2:$K$75,"Active") -> 1 | E9: =COUNTIFS(Data_Helper!$D$2:$D$75,A9,Data_Helper!$I$2:$I$75,"Implemented") -> 1 | F9: =COUNTIFS(Data_Helper!$D$2:$D$75,A9,Data_Helper!$I$2:$I$75,"Under Review") -> 0 | G9: =COUNTIFS(Data_Helper!$D$2:$D$75,A9,Data_Helper!$I$2:$I$75,"Evaluated") -> 0 | H9: =COUNTIFS(Data_Helper!$D$2:$D$75,A9,Data_Helper!$K$2:$K$75,"Active",Data_Helper!$I$2:$I$75,"<>Implemented") -> 0 | I9: Controlled

Sheet Summary_Trend
A1: Summary Trend
A2: Year | B2: Count | D2: Month | E2: Count | G2: Trend Notes
A3: 1975 | B3: =COUNTIFS(Data_Helper!$F$2:$F$75,A3) -> 0 | D3: 1975-02 | E3: =COUNTIFS(Data_Helper!$G$2:$G$75,D3) -> 0 | G3: Trend อ้างอิงจาก Date of Issue / Effective Date
A4: 1994 | B4: =COUNTIFS(Data_Helper!$F$2:$F$75,A4) -> 0 | D4: 1994-06 | E4: =COUNTIFS(Data_Helper!$G$2:$G$75,D4) -> 0 | G4: ใช้ตีความเป็น distribution ของรายการใน register มากกว่าความคืบหน้าการปิดงาน
A5: 1998 | B5: =COUNTIFS(Data_Helper!$F$2:$F$75,A5) -> 0 | D5: 1998-02 | E5: =COUNTIFS(Data_Helper!$G$2:$G$75,D5) -> 0 | G5: มี Blank Date 1 รายการ และ Future Date 3 รายการ ควรแยก upcoming monitoring
A6: 2000 | B6: =COUNTIFS(Data_Helper!$F$2:$F$75,A6) -> 0 | D6: 1998-08 | E6: =COUNTIFS(Data_Helper!$G$2:$G$75,D6) -> 0
A7: 2002 | B7: =COUNTIFS(Data_Helper!$F$2:$F$75,A7) -> 0 | D7: 1998-09 | E7: =COUNTIFS(Data_Helper!$G$2:$G$75,D7) -> 0
A8: 2004 | B8: =COUNTIFS(Data_Helper!$F$2:$F$75,A8) -> 0 | D8: 2000-01 | E8: =COUNTIFS(Data_Helper!$G$2:$G$75,D8) -> 0
A9: 2005 | B9: =COUNTIFS(Data_Helper!$F$2:$F$75,A9) -> 0 | D9: 2002-09 | E9: =COUNTIFS(Data_Helper!$G$2:$G$75,D9) -> 0
A10: 2008 | B10: =COUNTIFS(Data_Helper!$F$2:$F$75,A10) -> 1 | D10: 2004-04 | E10: =COUNTIFS(Data_Helper!$G$2:$G$75,D10) -> 0
A11: 2012 | B11: =COUNTIFS(Data_Helper!$F$2:$F$75,A11) -> 1 | D11: 2005-03 | E11: =COUNTIFS(Data_Helper!$G$2:$G$75,D11) -> 0
A12: 2013 | B12: =COUNTIFS(Data_Helper!$F$2:$F$75,A12) -> 2 | D12: 2008-04 | E12: =COUNTIFS(Data_Helper!$G$2:$G$75,D12) -> 1
A13: 2015 | B13: =COUNTIFS(Data_Helper!$F$2:$F$75,A13) -> 0 | D13: 2008-12 | E13: =COUNTIFS(Data_Helper!$G$2:$G$75,D13) -> 0
A14: 2016 | B14: =COUNTIFS(Data_Helper!$F$2:$F$75,A14) -> 0 | D14: 2012-12 | E14: =COUNTIFS(Data_Helper!$G$2:$G$75,D14) -> 1
A15: 2017 | B15: =COUNTIFS(Data_Helper!$F$2:$F$75,A15) -> 0 | D15: 2013-06 | E15: =COUNTIFS(Data_Helper!$G$2:$G$75,D15) -> 2
A16: 2018 | B16: =COUNTIFS(Data_Helper!$F$2:$F$75,A16) -> 0 | D16: 2013-10 | E16: =COUNTIFS(Data_Helper!$G$2:$G$75,D16) -> 0
A17: 2019 | B17: =COUNTIFS(Data_Helper!$F$2:$F$75,A17) -> 2 | D17: 2013-11 | E17: =COUNTIFS(Data_Helper!$G$2:$G$75,D17) -> 0
... A23: 2026 | B23: =COUNTIFS(Data_Helper!$F$2:$F$75,A23) -> 4 | D23: 2017-01 | E23: =COUNTIFS(Data_Helper!$G$2:$G$75,D23) -> 0
D24: 2017-07 | E24: =COUNTIFS(Data_Helper!$G$2:$G$75,D24) -> 0
D25: 2018-11 | E25: =COUNTIFS(Data_Helper!$G$2:$G$75,D25) -> 0
D26: 2019-02 | E26: =COUNTIFS(Data_Helper!$G$2:$G$75,D26) -> 0
D27: 2019-08 | E27: =COUNTIFS(Data_Helper!$G$2:$G$75,D27) -> 2
D28: 2020-03 | E28: =COUNTIFS(Data_Helper!$G$2:$G$75,D28) -> 0
D29: 2020-05 | E29: =COUNTIFS(Data_Helper!$G$2:$G$75,D29) -> 1
D30: 2021-01 | E30: =COUNTIFS(Data_Helper!$G$2:$G$75,D30) -> 1
D31: 2021-02 | E31: =COUNTIFS(Data_Helper!$G$2:$G$75,D31) -> 2
D32: 2021-03 | E32: =COUNTIFS(Data_Helper!$G$2:$G$75,D32) -> 1
D33: 2021-06 | E33: =COUNTIFS(Data_Helper!$G$2:$G$75,D33) -> 1
D34: 2021-08 | E34: =COUNTIFS(Data_Helper!$G$2:$G$75,D34) -> 0
D35: 2022-02 | E35: =COUNTIFS(Data_Helper!$G$2:$G$75,D35) -> 0
... D50: 2026-12 | E50: =COUNTIFS(Data_Helper!$G$2:$G$75,D50) -> 1

Sheet Action_Backlog
A1: Action Backlog
A2: ลำดับ | B2: ชื่อกฎหมาย/ข้อกำหนด | C2: หมวด | D2: สถานะปัจจุบัน | E2: Validity | F2: ประเด็นที่ต้องทำ | G2: หมายเหตุ
A3: 1 | B3: พระราชกฤษฎีกา กำหนดระยะเวลาเริ่มดำเนินการจัดเก็บเงินสะสมและเงินสมทบกองทุนสงเคราะห์ลูกจ้าง พ.ศ. 2567 | C3: กฎหมายคุ้มครองแรงงาน | D3: Evaluated | E3: Active | F3: ยืนยันผลประเมิน / owner / implementation evidence | G3: Immediate action
A4: 2 | B4: กฎกระทรวง กำหนดค่าล่วงเวลาและค่าตอบแทนการทำงานที่เกินวันละแปดชั่วโมง ในงานเฝ้าดูแลสถานที่หรือทรัพย์สินอันเป็นหน้าที่การทำงานปกติของลูกจ้าง พ.ศ. 2568 | C4: กฎหมายคุ้มครองแรงงาน | D4: Evaluated | E4: Active | F4: ยืนยันผลประเมิน / owner / implementation evidence | G4: Immediate action
A5: 3 | B5: กฎกระทรวง กำหนดประเภทของสถานประกอบกิจการและการดำเนินการของสถานประกอบกิจการในการป้องกันและแก้ไขปัญหาการตั้งครรภ์ในวัยรุ่นแก่ลูกจ้างซึ่งเป็นวัยรุ่น พ.ศ. 2561 | C5: กฎหมาย อื่น ๆ | D5: Evaluated | E5: Active | F5: ยืนยันผลประเมิน / owner / implementation evidence | G5: Immediate action
A6: 4 | B6: กฎกระทรวง กำหนดหลักเกณฑ์และวิธีการจัดการสงเคราะห์แก่ลูกจ้าง ในกรณีที่ลูกจ้างออกจากงานหรือตาย พ.ศ. 2567 | C6: กฎหมายคุ้มครองแรงงาน | D6: Implemented | E6: Inactive | F6: ยืนยันการ archive หรือ retained for reference | G6: Archive review
A7: 5 | B7: กฎกระทรวง กำหนดอัตราเงินสะสมและเงินสมทบกองทุนสงเคราะห์ลูกจ้าง พ.ศ. 2567 | C7: กฎหมายคุ้มครองแรงงาน | D7: Evaluated | E7: Inactive | F7: ยืนยันการ archive หรือ retained for reference | G7: Archive review
A8: 6 | B8: ประกาศกระทรวงแรงงาน เรื่อง ขยายกำหนดเวลาการยื่นแบบรายการแสดงการส่งเงินสมทบและการนำส่งเงินสมทบของนายจ้างและผู้ประกันตนในท้องที่ที่ประสบภัยพิบัติ พ.ศ. 2568 | C8: กฎหมายประกันสังคม | D8: Under Review | E8: Inactive | F8: ยืนยันการ archive หรือ retained for reference | G8: Archive review
A9: 7 | B9: กฎกระทรวง ค่ารักษาพยาบาลที่ให้นายจ้างจ่าย พ.ศ. 2563 | C9: กฎหมายประกันสังคม | D9: Implemented | E9: Active | F9: ยืนยัน effective date / data correction | G9: Date unclear
A10: 8 | B10: ประกาศกระทรวงแรงงาน เรื่อง การอนุญาตให้คนต่างด้าวทำงานในราชอาณาจักรเป็นการเฉพาะ สำหรับคนต่างด้าวสัญชาติลาวและเวียดนาม ซึ่งได้รับอนุญาตให้ทำงานถึงวันที่ 13 กุมภาพันธ์ 2569 ตามมติคณะรัฐมนตรีเมื่อวันที่ 2 ธันวาคม 2568 | C10: กฎหมายจัดหางาน | D10: Implemented | E10: Active | F10: ติดตามเป็น upcoming legal monitoring | G10: Future monitoring
A11: 9 | B11: ประกาศกระทรวงแรงงาน เรื่อง การอนุญาตให้คนต่างด้าวทำงานในราชอาณาจักรเป็นการเฉพาะ สำหรับคนต่างด้าวสัญชาติลาว เมียนมา และเวียดนาม ซึ่งได้รับอนุญาตให้ทำงานถึงวันที่ 31 มีนาคม 2569 ตามมติคณะรัฐมนตรีเมื่อวันที่ 2 ธันวาคม 2568 | C11: กฎหมายจัดหางาน | D11: Implemented | E11: Active | F11: ติดตามเป็น upcoming legal monitoring | G11: Future monitoring
A12: 10 | B12: ประกาศคณะกรรมการการแพทย์ตามพระราชบัญญัติประกันสังคม เรื่อง หลักเกณฑ์และอัตราค่าบริการทางการแพทย์เพื่อเพิ่มประสิทธิภาพการเข้าถึงการรักษาของผู้ประกันตนในระบบประกันสังคม | C12: กฎหมายประกันสังคม | D12: Implemented | E12: Active | F12: ติดตามเป็น upcoming legal monitoring | G12: Future monitoring

Sheet Workbook_Guide
A1: Workbook Guide
A2: วัตถุประสงค์ | B2: ไฟล์นี้ใช้สรุปผล Legal Dashboard (LD) จากข้อมูลจริงในทะเบียนกฎหมาย โดยคงโครงสร้างหลักจากไฟล์ตัวอย่างและปรับรูปแบบเป็น Modern Executive
A3: คำอธิบายรายงาน ประจำเดือน | B3: Current month snapshot: เดือน มีนาคม | ไม่มี baseline เดือนก่อนหน้าในไฟล์นี้
A4: หลักการตีความ | B4: ใช้ Compliance Implementation Status + Legal Validity Status เป็น KPI หลัก และมอง Active but not Implemented เป็น priority observation
A5: Dashboard | B5: หน้าสรุปผู้บริหาร: KPI cards, charts, executive highlights, backlog preview และ recommendations
A6: Summary_KPI | B6: คัดลอกข้อมูลต้นทางจากไฟล์ legal register ฉบับปัจจุบัน
A7: Summary_Category | B7: แปลงข้อมูลเพื่อใช้คำนวณ status, validity, pending, blank date และ data issue flags
A8: Summary_Trend | B8: ตาราง KPI หลักสำหรับ dashboard cards และ executive review
A9: Action_Backlog | B9: วิเคราะห์จำนวนข้อกำหนดแยกตามหมวดกฎหมายและสถานะ
A10: Data_Helper | B10: แสดง distribution ตามปี/เดือนของ Issue / Effective Date และ upcoming monitoring observations
A11: Raw_Data_Copy | B11: รายการติดตามหลักจาก Active pending / inactive archive review / date unclear / future monitoring
